Latitude,Longitude,Altitude,City Population,PM2.5_Label,Air Quality Station Area_Rural,Air Quality Station Area_Suburban,Air Quality Station Area_Urban,Air Quality Station Type_Background,Air Quality Station Type_Industrial,Air Quality Station Type_Traffic,Country_Freq,City_Frequency
40.6259,20.7802,848.0,0.0,0.0,0.0,1.0,0.0,1.0,0.0,0.0,0.003883495145631068,0.0
42.3139,19.5234,13.0,0.0,0.0,0.0,0.0,1.0,1.0,0.0,0.0,0.003883495145631068,0.0
40.4031,19.4862,25.0,0.0,3.0,0.0,0.0,1.0,1.0,0.0,0.0,0.003883495145631068,0.0
41.3199,19.4492,1.0,0.0,2.0,0.0,0.0,1.0,0.0,0.0,1.0,0.003883495145631068,0.0
48.1456,16.4759,155.0,0.0,2.0,0.0,1.0,0.0,1.0,0.0,0.0,0.03495145631067961,0.0
48.2575,13.0392,350.0,0.0,3.0,0.0,1.0,0.0,1.0,0.0,0.0,0.03495145631067961,0.0
48.2798,14.3665,250.0,0.0,3.0,0.0,1.0,0.0,1.0,0.0,0.0,0.03495145631067961,0.0
48.3451,15.9071,200.0,0.0,3.0,1.0,0.0,0.0,1.0,0.0,0.0,0.03495145631067961,0.0
48.1923,14.5195,265.0,0.0,3.0,1.0,0.0,0.0,1.0,0.0,0.0,0.03495145631067961,0.0
48.5311,14.5747,918.0,0.0,3.0,1.0,0.0,0.0,1.0,0.0,0.0,0.03495145631067961,0.0
47.7161,13.6322,460.0,0.0,3.0,0.0,1.0,0.0,1.0,0.0,0.0,0.03495145631067961,0.0
48.0843,16.329,210.0,0.0,2.0,0.0,1.0,0.0,1.0,0.0,0.0,0.03495145631067961,0.0
48.2116,15.6325,270.0,0.0,2.0,0.0,1.0,0.0,1.0,0.0,0.0,0.03495145631067961,0.0
46.835,14.8435,460.0,0.0,2.0,0.0,1.0,0.0,1.0,0.0,0.0,0.03495145631067961,0.0
47.8401,16.5262,165.0,0.0,3.0,0.0,1.0,0.0,1.0,0.0,0.0,0.03495145631067961,0.0
48.1649,14.0366,316.0,0.0,3.0,0.0,1.0,0.0,1.0,0.0,0.0,0.03495145631067961,0.0
48.2307,16.6363,153.0,0.0,2.0,1.0,0.0,0.0,1.0,0.0,0.0,0.03495145631067961,0.0
48.0009,13.6676,420.0,0.0,3.0,0.0,1.0,0.0,1.0,0.0,0.0,0.03495145631067961,0.0
48.2094,14.4369,255.0,0.0,2.0,1.0,0.0,0.0,0.0,0.0,1.0,0.03495145631067961,0.0
47.0447,15.1528,390.0,0.0,3.0,0.0,1.0,0.0,1.0,0.0,0.0,0.03495145631067961,0.0
47.9741,13.615,485.0,0.0,2.0,1.0,0.0,0.0,0.0,1.0,0.0,0.03495145631067961,0.0
48.0494,14.4428,305.0,0.0,3.0,0.0,1.0,0.0,1.0,0.0,0.0,0.03495145631067961,0.0
48.2253,14.2376,274.0,0.0,3.0,0.0,1.0,0.0,1.0,0.0,0.0,0.03495145631067961,0.0
46.7783,15.5406,272.0,0.0,2.0,0.0,1.0,0.0,1.0,0.0,0.0,0.03495145631067961,0.0
47.2157,15.6284,459.0,0.0,3.0,0.0,1.0,0.0,1.0,0.0,0.0,0.03495145631067961,0.0
48.3916,13.6709,525.0,0.0,3.0,1.0,0.0,0.0,1.0,0.0,0.0,0.03495145631067961,0.0
47.7703,16.7664,117.0,0.0,3.0,1.0,0.0,0.0,1.0,0.0,0.0,0.03495145631067961,0.0
47.8383,14.4409,892.0,0.0,4.0,1.0,0.0,0.0,1.0,0.0,0.0,0.03495145631067961,0.0
48.2167,16.3809,162.0,1766746.0,2.0,0.0,0.0,1.0,0.0,0.0,1.0,0.03495145631067961,0.011090573012939002
48.205,16.3098,236.0,1766746.0,2.0,0.0,0.0,1.0,1.0,0.0,0.0,0.03495145631067961,0.011090573012939002
48.2264,16.4583,159.0,1766746.0,2.0,0.0,0.0,1.0,1.0,0.0,0.0,0.03495145631067961,0.011090573012939002
48.2191,16.3498,184.0,1766746.0,3.0,0.0,0.0,1.0,1.0,0.0,0.0,0.03495145631067961,0.011090573012939002
48.303,14.2822,262.0,193814.0,2.0,0.0,0.0,1.0,0.0,0.0,1.0,0.03495145631067961,0.0073937153419593345
48.3061,14.2975,260.0,193814.0,3.0,0.0,0.0,1.0,1.0,0.0,0.0,0.03495145631067961,0.0073937153419593345
46.6256,14.3181,445.0,96640.0,3.0,0.0,0.0,1.0,0.0,0.0,1.0,0.03495145631067961,0.0036968576709796672
46.6266,14.2991,445.0,96640.0,3.0,0.0,0.0,1.0,1.0,0.0,0.0,0.03495145631067961,0.0036968576709796672
48.2733,14.3148,265.0,193814.0,2.0,0.0,1.0,0.0,0.0,1.0,0.0,0.03495145631067961,0.0073937153419593345
48.3233,14.2978,255.0,193814.0,2.0,0.0,1.0,0.0,0.0,1.0,0.0,0.03495145631067961,0.0073937153419593345
48.1621,16.5256,155.0,1766746.0,2.0,0.0,1.0,0.0,1.0,0.0,0.0,0.03495145631067961,0.011090573012939002
48.2031,16.4346,162.0,1766746.0,2.0,0.0,1.0,0.0,0.0,0.0,1.0,0.03495145631067961,0.011090573012939002
50.5836,5.3975,135.0,0.0,3.0,0.0,1.0,0.0,0.0,1.0,0.0,0.062135922330097085,0.0
50.5027,4.9884,160.0,0.0,3.0,1.0,0.0,0.0,1.0,0.0,0.0,0.062135922330097085,0.0
49.7193,5.6304,375.0,0.0,4.0,1.0,0.0,0.0,1.0,0.0,0.0,0.062135922330097085,0.0
49.8771,5.2024,430.0,0.0,4.0,1.0,0.0,0.0,1.0,0.0,0.0,0.062135922330097085,0.0
50.6167,3.4576,0.0,0.0,3.0,1.0,0.0,0.0,1.0,0.0,0.0,0.062135922330097085,0.0
50.2745,5.2352,265.0,0.0,4.0,1.0,0.0,0.0,1.0,0.0,0.0,0.062135922330097085,0.0
50.6554,4.6683,145.0,0.0,3.0,1.0,0.0,0.0,1.0,0.0,0.0,0.062135922330097085,0.0
51.2133,4.2399,0.0,0.0,3.0,0.0,1.0,0.0,1.0,0.0,0.0,0.062135922330097085,0.0
50.6123,5.9928,0.0,0.0,4.0,0.0,1.0,0.0,1.0,0.0,0.0,0.062135922330097085,0.0
50.027,5.593,510.0,0.0,4.0,1.0,0.0,0.0,1.0,0.0,0.0,0.062135922330097085,0.0
51.1961,3.8229,6.0,0.0,2.0,1.0,0.0,0.0,0.0,1.0,0.0,0.062135922330097085,0.0
50.0957,4.5948,225.0,0.0,4.0,1.0,0.0,0.0,1.0,0.0,0.0,0.062135922330097085,0.0
50.8149,3.3225,27.0,0.0,2.0,0.0,1.0,0.0,1.0,0.0,0.0,0.062135922330097085,0.0
50.9454,3.1524,19.0,0.0,2.0,0.0,1.0,0.0,0.0,1.0,0.0,0.062135922330097085,0.0
50.3032,6.0017,490.0,0.0,4.0,1.0,0.0,0.0,1.0,0.0,0.0,0.062135922330097085,0.0
51.2521,4.4914,8.0,0.0,3.0,0.0,1.0,0.0,1.0,0.0,0.0,0.062135922330097085,0.0
51.0613,3.7753,6.0,0.0,3.0,0.0,1.0,0.0,1.0,0.0,0.0,0.062135922330097085,0.0
50.9414,4.4367,12.0,0.0,3.0,0.0,1.0,0.0,1.0,0.0,0.0,0.062135922330097085,0.0
50.9775,4.8376,55.0,0.0,3.0,1.0,0.0,0.0,1.0,0.0,0.0,0.062135922330097085,0.0
51.2631,4.2789,8.0,0.0,3.0,1.0,0.0,0.0,0.0,1.0,0.0,0.062135922330097085,0.0
50.9532,3.1212,20.0,0.0,3.0,0.0,0.0,1.0,1.0,0.0,0.0,0.062135922330097085,0.0
51.3139,4.4039,6.0,0.0,3.0,1.0,0.0,0.0,0.0,1.0,0.0,0.062135922330097085,0.0
50.913,4.5122,15.0,0.0,3.0,1.0,0.0,0.0,0.0,1.0,0.0,0.062135922330097085,0.0
51.092,4.3801,0.0,0.0,3.0,0.0,1.0,0.0,1.0,0.0,0.0,0.062135922330097085,0.0
51.254,4.2015,4.0,0.0,2.0,1.0,0.0,0.0,0.0,1.0,0.0,0.062135922330097085,0.0
51.0163,2.5823,2.0,0.0,3.0,1.0,0.0,0.0,1.0,0.0,0.0,0.062135922330097085,0.0
50.7117,5.1032,135.0,0.0,3.0,1.0,0.0,0.0,1.0,0.0,0.0,0.062135922330097085,0.0
51.1247,3.7395,6.0,0.0,2.0,1.0,0.0,0.0,0.0,1.0,0.0,0.062135922330097085,0.0
50.915,3.3762,14.0,0.0,2.0,1.0,0.0,0.0,0.0,1.0,0.0,0.062135922330097085,0.0
51.2546,3.3625,3.0,0.0,3.0,1.0,0.0,0.0,1.0,0.0,0.0,0.062135922330097085,0.0
51.2337,5.164,30.0,0.0,3.0,1.0,0.0,0.0,1.0,0.0,0.0,0.062135922330097085,0.0
50.9279,5.4706,44.0,0.0,3.0,0.0,1.0,0.0,0.0,1.0,0.0,0.062135922330097085,0.0
51.3045,4.2348,4.0,0.0,2.0,1.0,0.0,0.0,0.0,1.0,0.0,0.062135922330097085,0.0
51.0894,4.3312,0.0,0.0,3.0,0.0,1.0,0.0,0.0,1.0,0.0,0.062135922330097085,0.0
50.7935,3.1096,10.0,0.0,2.0,1.0,0.0,0.0,0.0,1.0,0.0,0.062135922330097085,0.0
50.9172,3.3074,44.0,0.0,2.0,1.0,0.0,0.0,0.0,1.0,0.0,0.062135922330097085,0.0
50.6584,5.6278,65.0,383700.0,3.0,0.0,0.0,1.0,1.0,0.0,0.0,0.062135922330097085,0.009242144177449169
51.2097,4.4318,6.0,530014.0,3.0,0.0,0.0,1.0,1.0,0.0,0.0,0.062135922330097085,0.0166358595194085
51.0583,3.7293,5.0,263687.0,2.0,0.0,0.0,1.0,1.0,0.0,0.0,0.062135922330097085,0.005545286506469501
51.2286,4.4285,0.0,530014.0,3.0,0.0,0.0,1.0,1.0,0.0,0.0,0.062135922330097085,0.0166358595194085
50.8497,4.3341,20.0,1223364.0,3.0,0.0,0.0,1.0,1.0,0.0,0.0,0.062135922330097085,0.009242144177449169
51.2095,4.4318,6.0,530014.0,3.0,0.0,0.0,1.0,0.0,0.0,1.0,0.062135922330097085,0.0166358595194085
51.2082,4.4216,6.0,530014.0,3.0,0.0,0.0,1.0,0.0,0.0,1.0,0.062135922330097085,0.0166358595194085
51.0407,3.735,8.0,263687.0,3.0,0.0,0.0,1.0,0.0,0.0,1.0,0.062135922330097085,0.005545286506469501
50.4093,4.4522,115.0,203314.0,3.0,0.0,0.0,1.0,1.0,0.0,0.0,0.062135922330097085,0.009242144177449169
50.3776,4.4247,157.0,203314.0,3.0,0.0,1.0,0.0,1.0,0.0,0.0,0.062135922330097085,0.009242144177449169
50.6207,5.5164,50.0,383700.0,3.0,0.0,1.0,0.0,0.0,1.0,0.0,0.062135922330097085,0.009242144177449169
50.6134,5.5702,65.0,383700.0,3.0,0.0,1.0,0.0,1.0,0.0,0.0,0.062135922330097085,0.009242144177449169
50.6119,5.6112,70.0,383700.0,3.0,0.0,1.0,0.0,1.0,0.0,0.0,0.062135922330097085,0.009242144177449169
50.429,4.4587,135.0,203314.0,3.0,0.0,1.0,0.0,1.0,0.0,0.0,0.062135922330097085,0.009242144177449169
51.1771,4.418,6.0,530014.0,3.0,0.0,1.0,0.0,1.0,0.0,0.0,0.062135922330097085,0.0166358595194085
50.4164,4.5211,118.0,203314.0,3.0,0.0,1.0,0.0,1.0,0.0,0.0,0.062135922330097085,0.009242144177449169
50.625,5.5475,160.0,383700.0,3.0,0.0,1.0,0.0,1.0,0.0,0.0,0.062135922330097085,0.009242144177449169
50.4078,4.3959,107.0,203314.0,3.0,0.0,1.0,0.0,0.0,1.0,0.0,0.062135922330097085,0.009242144177449169
51.3488,4.3397,3.0,530014.0,3.0,1.0,0.0,0.0,0.0,1.0,0.0,0.062135922330097085,0.0166358595194085
50.4652,3.9397,30.0,95922.0,3.0,0.0,1.0,0.0,1.0,0.0,0.0,0.062135922330097085,0.0018484288354898336
51.1501,3.8087,5.0,263687.0,3.0,1.0,0.0,0.0,0.0,1.0,0.0,0.062135922330097085,0.005545286506469501
51.261,4.4244,3.0,530014.0,3.0,0.0,1.0,0.0,0.0,1.0,0.0,0.062135922330097085,0.0166358595194085
51.2362,4.3852,0.0,530014.0,3.0,0.0,1.0,0.0,0.0,1.0,0.0,0.062135922330097085,0.0166358595194085
50.895,4.3957,34.0,1223364.0,3.0,0.0,1.0,0.0,1.0,0.0,0.0,0.062135922330097085,0.009242144177449169
50.8578,4.2887,66.0,1223364.0,2.0,0.0,1.0,0.0,1.0,0.0,0.0,0.062135922330097085,0.009242144177449169
50.8837,4.383,17.0,1223364.0,2.0,0.0,1.0,0.0,0.0,1.0,0.0,0.062135922330097085,0.009242144177449169
50.7966,4.3586,101.0,1223364.0,3.0,0.0,1.0,0.0,1.0,0.0,0.0,0.062135922330097085,0.009242144177449169
51.1703,4.341,13.0,530014.0,3.0,0.0,1.0,0.0,0.0,1.0,0.0,0.062135922330097085,0.0166358595194085
44.5406,18.6733,220.0,0.0,0.0,0.0,0.0,1.0,0.0,0.0,1.0,0.0048543689320388345,0.0
44.97,16.71,133.0,0.0,0.0,0.0,0.0,1.0,1.0,0.0,0.0,0.0048543689320388345,0.0
45.07,17.59,88.0,0.0,0.0,0.0,0.0,1.0,0.0,1.0,0.0,0.0048543689320388345,0.0
44.4541,18.6485,215.0,0.0,0.0,0.0,0.0,1.0,0.0,1.0,0.0,0.0048543689320388345,0.0
44.5332,18.5347,187.0,0.0,0.0,0.0,0.0,1.0,0.0,1.0,0.0,0.0048543689320388345,0.0
45.698,18.8346,0.0,0.0,2.0,1.0,0.0,0.0,1.0,0.0,0.0,0.003883495145631068,0.0
46.1691,15.6606,0.0,0.0,3.0,1.0,0.0,0.0,1.0,0.0,0.0,0.003883495145631068,0.0
42.6447,18.1226,0.0,0.0,4.0,1.0,0.0,0.0,1.0,0.0,0.0,0.003883495145631068,0.0
45.2912,13.7498,0.0,0.0,4.0,1.0,0.0,0.0,1.0,0.0,0.0,0.003883495145631068,0.0
49.4721,17.967,290.0,0.0,2.0,0.0,0.0,1.0,1.0,0.0,0.0,0.05242718446601942,0.0
50.6453,13.8512,257.0,0.0,2.0,0.0,1.0,0.0,1.0,0.0,0.0,0.05242718446601942,0.0
49.2594,17.4106,280.0,0.0,2.0,1.0,0.0,0.0,1.0,0.0,0.0,0.05242718446601942,0.0
50.3766,13.3276,322.0,0.0,2.0,1.0,0.0,0.0,1.0,0.0,0.0,0.05242718446601942,0.0
49.9247,18.4229,203.0,0.0,0.0,1.0,0.0,0.0,1.0,0.0,0.0,0.05242718446601942,0.0
49.8717,18.3773,241.0,0.0,1.0,0.0,0.0,1.0,1.0,0.0,0.0,0.05242718446601942,0.0
49.7209,18.0893,231.0,0.0,1.0,1.0,0.0,0.0,1.0,0.0,0.0,0.05242718446601942,0.0
49.6681,18.6778,320.0,0.0,1.0,0.0,0.0,1.0,1.0,0.0,0.0,0.05242718446601942,0.0
50.7742,14.2188,131.0,0.0,2.0,0.0,0.0,1.0,1.0,0.0,0.0,0.05242718446601942,0.0
49.945,17.9095,255.0,0.0,2.0,0.0,0.0,1.0,1.0,0.0,0.0,0.05242718446601942,0.0
50.5858,13.6734,265.0,0.0,2.0,1.0,0.0,0.0,1.0,0.0,0.0,0.05242718446601942,0.0
50.4286,14.9139,224.0,0.0,2.0,0.0,0.0,1.0,1.0,0.0,0.0,0.05242718446601942,0.0
49.722,13.6185,385.0,0.0,2.0,1.0,0.0,0.0,1.0,0.0,0.0,0.05242718446601942,0.0
49.9505,15.2604,290.0,0.0,2.0,0.0,0.0,1.0,1.0,0.0,0.0,0.05242718446601942,0.0
49.6718,18.3511,290.0,0.0,1.0,0.0,1.0,0.0,1.0,0.0,0.0,0.05242718446601942,0.0
50.302,15.1783,198.0,0.0,2.0,1.0,0.0,0.0,1.0,0.0,0.0,0.05242718446601942,0.0
49.9579,14.0583,216.0,0.0,2.0,0.0,0.0,1.0,0.0,0.0,1.0,0.05242718446601942,0.0
49.749,18.6097,285.0,0.0,1.0,0.0,0.0,1.0,1.0,0.0,0.0,0.05242718446601942,0.0
49.4517,17.4542,210.0,0.0,2.0,0.0,0.0,1.0,1.0,0.0,0.0,0.05242718446601942,0.0
49.5734,15.0803,535.0,0.0,3.0,1.0,0.0,0.0,1.0,0.0,0.0,0.05242718446601942,0.0
49.5871,17.8042,306.0,0.0,2.0,1.0,0.0,0.0,1.0,0.0,0.0,0.05242718446601942,0.0
50.1728,12.6728,476.0,0.0,2.0,0.0,1.0,0.0,1.0,0.0,0.0,0.05242718446601942,0.0
48.843,16.0601,225.0,0.0,2.0,0.0,1.0,0.0,1.0,0.0,0.0,0.05242718446601942,0.0
48.7918,16.7245,245.0,0.0,2.0,1.0,0.0,0.0,1.0,0.0,0.0,0.05242718446601942,0.0
49.759,16.6667,350.0,0.0,2.0,0.0,0.0,1.0,1.0,0.0,0.0,0.05242718446601942,0.0
50.5104,13.6453,221.0,66034.0,2.0,0.0,0.0,1.0,1.0,0.0,0.0,0.05242718446601942,0.0018484288354898336
50.6831,13.9979,230.0,92716.0,2.0,0.0,0.0,1.0,0.0,0.0,1.0,0.05242718446601942,0.0036968576709796672
49.796,18.2472,235.0,287968.0,1.0,0.0,0.0,1.0,1.0,0.0,0.0,0.05242718446601942,0.005545286506469501
49.8563,18.2697,207.0,287968.0,1.0,0.0,0.0,1.0,0.0,1.0,0.0,0.05242718446601942,0.005545286506469501
49.791,18.4068,260.0,71200.0,1.0,0.0,0.0,1.0,1.0,0.0,0.0,0.05242718446601942,0.0018484288354898336
49.8638,18.5515,238.0,52128.0,1.0,0.0,0.0,1.0,1.0,0.0,0.0,0.05242718446601942,0.0018484288354898336
49.8398,18.29,215.0,287968.0,1.0,0.0,0.0,1.0,0.0,0.0,1.0,0.05242718446601942,0.005545286506469501
50.0731,14.3981,216.0,1324277.0,2.0,0.0,0.0,1.0,0.0,0.0,1.0,0.05242718446601942,0.009242144177449169
50.0724,14.4307,219.0,1324277.0,2.0,0.0,0.0,1.0,0.0,0.0,1.0,0.05242718446601942,0.009242144177449169
50.0815,14.4427,256.0,1324277.0,2.0,0.0,0.0,1.0,1.0,0.0,0.0,0.05242718446601942,0.009242144177449169
49.2132,16.678,340.0,381346.0,2.0,0.0,0.0,1.0,1.0,0.0,0.0,0.05242718446601942,0.0073937153419593345
49.1981,16.5936,235.0,381346.0,2.0,0.0,0.0,1.0,0.0,0.0,1.0,0.05242718446601942,0.0073937153419593345
50.0461,14.3314,309.0,1324277.0,2.0,0.0,0.0,1.0,1.0,0.0,0.0,0.05242718446601942,0.009242144177449169
49.2027,16.6163,225.0,381346.0,2.0,0.0,0.0,1.0,1.0,0.0,0.0,0.05242718446601942,0.0073937153419593345
50.024,15.7635,239.0,91727.0,2.0,0.0,0.0,1.0,1.0,0.0,0.0,0.05242718446601942,0.0018484288354898336
48.9844,14.4657,383.0,94463.0,2.0,0.0,0.0,1.0,1.0,0.0,0.0,0.05242718446601942,0.0018484288354898336
50.7551,15.07,422.0,104802.0,2.0,0.0,0.0,1.0,1.0,0.0,0.0,0.05242718446601942,0.0018484288354898336
49.7701,13.3682,360.0,174842.0,2.0,0.0,0.0,1.0,1.0,0.0,0.0,0.05242718446601942,0.0073937153419593345
49.4016,15.6102,502.0,51216.0,2.0,0.0,0.0,1.0,1.0,0.0,0.0,0.05242718446601942,0.0018484288354898336
50.1954,15.8464,232.0,92939.0,2.0,0.0,0.0,1.0,0.0,0.0,1.0,0.05242718446601942,0.0018484288354898336
49.7473,13.381,306.0,174842.0,2.0,0.0,0.0,1.0,0.0,0.0,1.0,0.05242718446601942,0.0073937153419593345
49.7324,13.4023,340.0,174842.0,2.0,0.0,0.0,1.0,0.0,0.0,1.0,0.05242718446601942,0.0073937153419593345
49.6015,17.2381,224.0,100663.0,2.0,0.0,0.0,1.0,1.0,0.0,0.0,0.05242718446601942,0.0018484288354898336
50.1439,14.1018,303.0,69337.0,2.0,0.0,0.0,1.0,1.0,0.0,0.0,0.05242718446601942,0.0018484288354898336
50.0073,14.4459,301.0,1324277.0,2.0,0.0,1.0,0.0,1.0,0.0,0.0,0.05242718446601942,0.009242144177449169
49.149,16.6962,241.0,381346.0,2.0,0.0,1.0,0.0,1.0,0.0,0.0,0.05242718446601942,0.0073937153419593345
49.7686,13.4234,348.0,174842.0,3.0,0.0,1.0,0.0,1.0,0.0,0.0,0.05242718446601942,0.0073937153419593345
50.6835,14.0412,367.0,92716.0,2.0,0.0,1.0,0.0,1.0,0.0,0.0,0.05242718446601942,0.0036968576709796672
49.2329,17.6672,258.0,74935.0,2.0,0.0,1.0,0.0,1.0,0.0,0.0,0.05242718446601942,0.0018484288354898336
55.6743,12.5711,5.0,559440.0,3.0,0.0,0.0,1.0,0.0,0.0,1.0,0.000970873786407767,0.0018484288354898336
60.53,27.6754,4.0,0.0,4.0,1.0,0.0,0.0,1.0,0.0,0.0,0.015533980582524271,0.0
59.7792,21.374,7.0,0.0,4.0,1.0,0.0,0.0,1.0,0.0,0.0,0.015533980582524271,0.0
63.0935,21.6127,16.0,0.0,5.0,0.0,0.0,1.0,1.0,0.0,0.0,0.015533980582524271,0.0
60.2513,24.0628,52.0,0.0,4.0,0.0,0.0,1.0,1.0,0.0,0.0,0.015533980582524271,0.0
61.0575,28.2459,91.0,0.0,4.0,0.0,1.0,0.0,1.0,0.0,0.0,0.015533980582524271,0.0
60.2202,24.8113,9.0,1154967.0,4.0,0.0,0.0,1.0,0.0,0.0,1.0,0.015533980582524271,0.011090573012939002
65.01,25.4713,5.0,205489.0,4.0,0.0,0.0,1.0,0.0,0.0,1.0,0.015533980582524271,0.0018484288354898336
60.1874,24.9506,18.0,1154967.0,4.0,0.0,0.0,1.0,1.0,0.0,0.0,0.015533980582524271,0.011090573012939002
62.8936,27.6695,112.0,119282.0,5.0,0.0,0.0,1.0,1.0,0.0,0.0,0.015533980582524271,0.0018484288354898336
61.4991,23.8022,109.0,238140.0,4.0,0.0,0.0,1.0,1.0,0.0,0.0,0.015533980582524271,0.0036968576709796672
60.9913,25.6658,85.0,119823.0,4.0,0.0,0.0,1.0,0.0,0.0,1.0,0.015533980582524271,0.0018484288354898336
60.1696,24.9392,7.0,1154967.0,4.0,0.0,0.0,1.0,0.0,0.0,1.0,0.015533980582524271,0.011090573012939002
60.2899,25.0395,18.0,1154967.0,4.0,0.0,0.0,1.0,0.0,0.0,1.0,0.015533980582524271,0.011090573012939002
61.5085,23.6758,100.0,238140.0,4.0,0.0,1.0,0.0,0.0,0.0,1.0,0.015533980582524271,0.0036968576709796672
60.3144,24.6849,55.0,1154967.0,4.0,1.0,0.0,0.0,1.0,0.0,0.0,0.015533980582524271,0.011090573012939002
60.2239,25.1024,14.0,1154967.0,4.0,0.0,1.0,0.0,1.0,0.0,0.0,0.015533980582524271,0.011090573012939002
47.2474,6.0154,321.0,115934.0,3.0,0.0,0.0,1.0,1.0,0.0,0.0,0.1436893203883495,0.0018484288354898336
48.6882,6.1904,200.0,203610.0,3.0,0.0,0.0,1.0,1.0,0.0,0.0,0.1436893203883495,0.0036968576709796672
48.6971,6.1542,277.0,203610.0,3.0,0.0,0.0,1.0,0.0,0.0,1.0,0.1436893203883495,0.0036968576709796672
47.7374,7.3091,267.0,180040.0,3.0,0.0,0.0,1.0,1.0,0.0,0.0,0.1436893203883495,0.0018484288354898336
47.3155,5.0402,240.0,198870.0,4.0,0.0,0.0,1.0,0.0,0.0,1.0,0.1436893203883495,0.0036968576709796672
49.1194,6.1808,192.0,166252.0,3.0,0.0,0.0,1.0,1.0,0.0,0.0,0.1436893203883495,0.0018484288354898336
49.8428,3.2814,78.0,53816.0,3.0,0.0,0.0,1.0,0.0,0.0,1.0,0.1436893203883495,0.0018484288354898336
49.8772,2.2825,68.0,137609.0,3.0,0.0,0.0,1.0,0.0,0.0,1.0,0.1436893203883495,0.0036968576709796672
50.6281,3.0903,25.0,906981.0,2.0,0.0,0.0,1.0,1.0,0.0,0.0,0.1436893203883495,0.005545286506469501
50.7065,3.1807,31.0,906981.0,3.0,0.0,0.0,1.0,0.0,0.0,1.0,0.1436893203883495,0.005545286506469501
49.2242,4.0206,96.0,209507.0,3.0,0.0,0.0,1.0,1.0,0.0,0.0,0.1436893203883495,0.0036968576709796672
50.717,1.6059,7.0,74740.0,3.0,0.0,0.0,1.0,0.0,0.0,1.0,0.1436893203883495,0.0018484288354898336
48.5704,7.7663,139.0,405733.0,3.0,0.0,0.0,1.0,1.0,0.0,0.0,0.1436893203883495,0.0018484288354898336
50.9473,1.8431,4.0,73911.0,4.0,0.0,0.0,1.0,1.0,0.0,0.0,0.1436893203883495,0.0018484288354898336
48.295,4.0503,119.0,106948.0,3.0,0.0,0.0,1.0,1.0,0.0,0.0,0.1436893203883495,0.0018484288354898336
49.9017,2.3046,26.0,137609.0,5.0,0.0,0.0,1.0,1.0,0.0,0.0,0.1436893203883495,0.0036968576709796672
48.0896,-1.6591,45.0,216815.0,4.0,0.0,0.0,1.0,1.0,0.0,0.0,0.1436893203883495,0.0036968576709796672
49.2507,4.0231,80.0,209507.0,3.0,0.0,0.0,1.0,0.0,0.0,1.0,0.1436893203883495,0.0036968576709796672
49.2596,2.4744,34.0,75375.0,3.0,0.0,0.0,1.0,1.0,0.0,0.0,0.1436893203883495,0.0018484288354898336
50.6408,3.0748,20.0,906981.0,3.0,0.0,0.0,1.0,0.0,0.0,1.0,0.1436893203883495,0.005545286506469501
45.8953,6.1183,453.0,126924.0,3.0,0.0,0.0,1.0,1.0,0.0,0.0,0.1436893203883495,0.0018484288354898336
45.7577,4.8542,160.0,1076752.0,3.0,0.0,0.0,1.0,1.0,0.0,0.0,0.1436893203883495,0.005545286506469501
47.7425,-3.395,37.0,79877.0,4.0,0.0,0.0,1.0,1.0,0.0,0.0,0.1436893203883495,0.0018484288354898336
50.3782,3.0659,28.0,86074.0,3.0,0.0,0.0,1.0,1.0,0.0,0.0,0.1436893203883495,0.0018484288354898336
48.1086,-1.6659,28.0,216815.0,3.0,0.0,0.0,1.0,0.0,0.0,1.0,0.1436893203883495,0.0036968576709796672
48.3862,-4.4866,48.0,140064.0,4.0,0.0,0.0,1.0,1.0,0.0,0.0,0.1436893203883495,0.0018484288354898336
44.9335,4.8935,125.0,94650.0,3.0,0.0,0.0,1.0,1.0,0.0,0.0,0.1436893203883495,0.0036968576709796672
51.0486,2.42,8.0,135715.0,3.0,0.0,0.0,1.0,1.0,0.0,0.0,0.1436893203883495,0.0018484288354898336
50.3642,3.5227,21.0,103476.0,2.0,0.0,0.0,1.0,0.0,0.0,1.0,0.1436893203883495,0.0018484288354898336
44.9492,4.8901,113.0,94650.0,3.0,0.0,0.0,1.0,0.0,0.0,1.0,0.1436893203883495,0.0036968576709796672
46.1937,6.2149,426.0,61518.0,3.0,0.0,0.0,1.0,1.0,0.0,0.0,0.1436893203883495,0.0018484288354898336
45.4221,4.4128,580.0,194561.0,4.0,0.0,0.0,1.0,0.0,0.0,1.0,0.1436893203883495,0.0036968576709796672
43.3053,5.3947,73.0,895431.0,3.0,0.0,0.0,1.0,1.0,0.0,0.0,0.1436893203883495,0.0036968576709796672
45.4201,4.3954,552.0,194561.0,4.0,0.0,0.0,1.0,1.0,0.0,0.0,0.1436893203883495,0.0036968576709796672
45.5647,5.9283,280.0,87711.0,3.0,0.0,0.0,1.0,1.0,0.0,0.0,0.1436893203883495,0.0018484288354898336
45.7757,3.0963,360.0,195162.0,3.0,0.0,0.0,1.0,0.0,0.0,1.0,0.1436893203883495,0.0036968576709796672
43.9497,4.8043,19.0,109451.0,3.0,0.0,0.0,1.0,1.0,0.0,0.0,0.1436893203883495,0.0018484288354898336
45.7789,4.9247,172.0,1076752.0,3.0,0.0,0.0,1.0,1.0,0.0,0.0,0.1436893203883495,0.005545286506469501
45.1619,5.7356,219.0,305569.0,3.0,0.0,0.0,1.0,1.0,0.0,0.0,0.1436893203883495,0.0036968576709796672
43.7021,7.2863,11.0,670215.0,3.0,0.0,0.0,1.0,1.0,0.0,0.0,0.1436893203883495,0.0036968576709796672
48.9303,2.2944,28.0,9845879.0,3.0,0.0,0.0,1.0,1.0,0.0,0.0,0.1436893203883495,0.012939001848428836
48.7759,2.3758,95.0,9845879.0,3.0,0.0,0.0,1.0,1.0,0.0,0.0,0.1436893203883495,0.012939001848428836
48.9253,2.3567,35.0,9845879.0,2.0,0.0,0.0,1.0,0.0,0.0,1.0,0.1436893203883495,0.012939001848428836
47.2225,-1.5375,20.0,450218.0,4.0,0.0,0.0,1.0,1.0,0.0,0.0,0.1436893203883495,0.0036968576709796672
48.859,2.351,37.0,9845879.0,3.0,0.0,0.0,1.0,1.0,0.0,0.0,0.1436893203883495,0.012939001848428836
48.9025,2.4525,51.0,9845879.0,3.0,0.0,0.0,1.0,1.0,0.0,0.0,0.1436893203883495,0.012939001848428836
47.2044,-1.5529,20.0,450218.0,3.0,0.0,0.0,1.0,0.0,0.0,1.0,0.1436893203883495,0.0036968576709796672
47.2641,-2.2499,10.0,69993.0,4.0,0.0,0.0,1.0,1.0,0.0,0.0,0.1436893203883495,0.0018484288354898336
48.8386,2.4128,49.0,9845879.0,2.0,0.0,0.0,1.0,0.0,0.0,1.0,0.1436893203883495,0.012939001848428836
47.4685,-0.5561,30.0,180297.0,4.0,0.0,0.0,1.0,1.0,0.0,0.0,0.1436893203883495,0.0018484288354898336
47.9711,0.2214,50.0,150369.0,4.0,0.0,0.0,1.0,1.0,0.0,0.0,0.1436893203883495,0.0018484288354898336
44.8005,-0.5894,20.0,650138.0,3.0,0.0,0.0,1.0,1.0,0.0,0.0,0.1436893203883495,0.0018484288354898336
46.1626,-1.1537,10.0,82783.0,4.0,0.0,0.0,1.0,1.0,0.0,0.0,0.1436893203883495,0.0036968576709796672
46.584,0.3456,110.0,98314.0,4.0,0.0,0.0,1.0,1.0,0.0,0.0,0.1436893203883495,0.0018484288354898336
43.3108,-0.3915,197.0,110402.0,4.0,0.0,0.0,1.0,1.0,0.0,0.0,0.1436893203883495,0.0018484288354898336
46.1616,-1.2112,10.0,82783.0,4.0,0.0,0.0,1.0,0.0,1.0,0.0,0.1436893203883495,0.0036968576709796672
45.8311,1.2569,288.0,143147.0,4.0,0.0,0.0,1.0,1.0,0.0,0.0,0.1436893203883495,0.0018484288354898336
47.3441,0.6538,90.0,242529.0,3.0,0.0,0.0,1.0,1.0,0.0,0.0,0.1436893203883495,0.0018484288354898336
47.9174,1.9663,110.0,208564.0,3.0,0.0,0.0,1.0,1.0,0.0,0.0,0.1436893203883495,0.0018484288354898336
48.4393,1.4688,155.0,75990.0,3.0,0.0,0.0,1.0,1.0,0.0,0.0,0.1436893203883495,0.0018484288354898336
49.1922,-0.3911,56.0,144972.0,4.0,0.0,0.0,1.0,1.0,0.0,0.0,0.1436893203883495,0.0018484288354898336
43.4019,4.9819,3.0,64704.0,3.0,0.0,0.0,1.0,0.0,1.0,0.0,0.1436893203883495,0.0018484288354898336
43.5915,3.8868,23.0,305601.0,4.0,0.0,0.0,1.0,1.0,0.0,0.0,0.1436893203883495,0.0036968576709796672
49.4367,1.0988,9.0,309039.0,3.0,0.0,0.0,1.0,0.0,0.0,1.0,0.1436893203883495,0.0036968576709796672
49.5002,0.1109,60.0,195042.0,4.0,0.0,0.0,1.0,0.0,0.0,1.0,0.1436893203883495,0.0036968576709796672
43.6096,3.8988,17.0,305601.0,3.0,0.0,0.0,1.0,0.0,0.0,1.0,0.1436893203883495,0.0036968576709796672
49.4424,1.0938,17.0,309039.0,3.0,0.0,0.0,1.0,1.0,0.0,0.0,0.1436893203883495,0.0036968576709796672
43.8344,4.3744,42.0,150610.0,4.0,0.0,0.0,1.0,1.0,0.0,0.0,0.1436893203883495,0.0018484288354898336
43.6439,1.4682,149.0,613199.0,3.0,0.0,0.0,1.0,0.0,0.0,1.0,0.1436893203883495,0.005545286506469501
43.6236,1.4385,144.0,613199.0,4.0,0.0,0.0,1.0,1.0,0.0,0.0,0.1436893203883495,0.005545286506469501
43.5873,1.444,146.0,613199.0,4.0,0.0,0.0,1.0,1.0,0.0,0.0,0.1436893203883495,0.005545286506469501
43.5303,5.4409,192.0,142482.0,3.0,0.0,0.0,1.0,1.0,0.0,0.0,0.1436893203883495,0.0018484288354898336
43.1311,5.9242,26.0,334333.0,3.0,0.0,0.0,1.0,1.0,0.0,0.0,0.1436893203883495,0.0018484288354898336
49.5147,0.1006,92.0,195042.0,3.0,0.0,0.0,1.0,1.0,0.0,0.0,0.1436893203883495,0.0036968576709796672
45.7973,3.1138,340.0,195162.0,4.0,0.0,0.0,1.0,1.0,0.0,0.0,0.1436893203883495,0.0036968576709796672
43.6893,7.2421,4.0,670215.0,3.0,0.0,0.0,1.0,0.0,0.0,1.0,0.1436893203883495,0.0036968576709796672
43.2764,5.3974,17.0,895431.0,3.0,0.0,0.0,1.0,0.0,0.0,1.0,0.1436893203883495,0.0036968576709796672
47.8319,-1.8363,29.0,0.0,4.0,1.0,0.0,0.0,1.0,0.0,0.0,0.1436893203883495,0.0
44.5694,5.279,605.0,0.0,4.0,1.0,0.0,0.0,1.0,0.0,0.0,0.1436893203883495,0.0
46.0722,5.8208,477.0,0.0,4.0,1.0,0.0,0.0,1.0,0.0,0.0,0.1436893203883495,0.0
45.4753,4.515,366.0,0.0,4.0,0.0,0.0,1.0,1.0,0.0,0.0,0.1436893203883495,0.0
46.2117,5.2264,220.0,0.0,4.0,0.0,0.0,1.0,1.0,0.0,0.0,0.1436893203883495,0.0
50.0923,3.85,151.0,0.0,3.0,1.0,0.0,0.0,1.0,0.0,0.0,0.1436893203883495,0.0
50.9959,2.3663,3.0,0.0,5.0,0.0,1.0,0.0,1.0,0.0,0.0,0.1436893203883495,0.0
50.1725,3.2361,59.0,0.0,3.0,0.0,0.0,1.0,1.0,0.0,0.0,0.1436893203883495,0.0
45.9236,6.7136,588.0,0.0,3.0,0.0,1.0,0.0,1.0,0.0,0.0,0.1436893203883495,0.0
45.9901,4.7156,184.0,0.0,3.0,0.0,0.0,1.0,1.0,0.0,0.0,0.1436893203883495,0.0
45.3533,4.8049,153.0,0.0,3.0,0.0,1.0,0.0,0.0,0.0,1.0,0.1436893203883495,0.0
49.4359,2.0843,72.0,0.0,3.0,0.0,0.0,1.0,0.0,0.0,1.0,0.1436893203883495,0.0
50.6105,1.9915,170.0,0.0,3.0,1.0,0.0,0.0,1.0,0.0,0.0,0.1436893203883495,0.0
50.5354,2.6357,26.0,0.0,3.0,0.0,0.0,1.0,1.0,0.0,0.0,0.1436893203883495,0.0
49.3583,6.1569,154.0,0.0,3.0,0.0,0.0,1.0,1.0,0.0,0.0,0.1436893203883495,0.0
48.6458,4.9661,151.0,0.0,3.0,0.0,0.0,1.0,1.0,0.0,0.0,0.1436893203883495,0.0
47.6489,-2.764,20.0,0.0,4.0,0.0,0.0,1.0,1.0,0.0,0.0,0.1436893203883495,0.0
48.5848,6.4839,230.0,0.0,3.0,0.0,0.0,1.0,0.0,0.0,1.0,0.1436893203883495,0.0
47.8006,3.5762,107.0,0.0,4.0,0.0,0.0,1.0,1.0,0.0,0.0,0.1436893203883495,0.0
49.1678,5.3875,195.0,0.0,3.0,0.0,0.0,1.0,0.0,0.0,1.0,0.1436893203883495,0.0
49.9078,4.63,394.0,0.0,4.0,1.0,0.0,0.0,1.0,0.0,0.0,0.1436893203883495,0.0
49.0461,3.9559,74.0,0.0,3.0,0.0,0.0,1.0,0.0,0.0,1.0,0.1436893203883495,0.0
46.6713,5.5566,261.0,0.0,3.0,0.0,0.0,1.0,1.0,0.0,0.0,0.1436893203883495,0.0
47.3513,6.3597,273.0,0.0,3.0,0.0,0.0,1.0,0.0,0.0,1.0,0.1436893203883495,0.0
49.0658,5.7856,213.0,0.0,3.0,1.0,0.0,0.0,1.0,0.0,0.0,0.1436893203883495,0.0
48.493,7.1298,770.0,0.0,4.0,1.0,0.0,0.0,1.0,0.0,0.0,0.1436893203883495,0.0
49.1874,6.9109,233.0,0.0,3.0,0.0,0.0,1.0,1.0,0.0,0.0,0.1436893203883495,0.0
46.7823,4.8473,177.0,0.0,3.0,0.0,0.0,1.0,0.0,0.0,1.0,0.1436893203883495,0.0
47.2748,4.0995,638.0,0.0,4.0,1.0,0.0,0.0,1.0,0.0,0.0,0.1436893203883495,0.0
46.8024,4.4175,374.0,0.0,4.0,0.0,0.0,1.0,1.0,0.0,0.0,0.1436893203883495,0.0
47.5103,6.794,331.0,0.0,3.0,0.0,0.0,1.0,1.0,0.0,0.0,0.1436893203883495,0.0
48.3547,2.6453,127.0,0.0,4.0,1.0,0.0,0.0,1.0,0.0,0.0,0.1436893203883495,0.0
45.6474,0.1672,83.0,0.0,4.0,0.0,0.0,1.0,1.0,0.0,0.0,0.1436893203883495,0.0
48.6337,1.8305,164.0,0.0,3.0,0.0,1.0,0.0,1.0,0.0,0.0,0.1436893203883495,0.0
46.6567,-0.7437,100.0,0.0,4.0,1.0,0.0,0.0,1.0,0.0,0.0,0.1436893203883495,0.0
46.3296,-0.4589,48.0,0.0,4.0,0.0,0.0,1.0,1.0,0.0,0.0,0.1436893203883495,0.0
48.3642,2.2369,134.0,0.0,4.0,1.0,0.0,0.0,1.0,0.0,0.0,0.1436893203883495,0.0
44.9003,-0.5158,36.0,0.0,3.0,0.0,0.0,1.0,1.0,0.0,0.0,0.1436893203883495,0.0
46.9429,2.0033,147.0,0.0,4.0,0.0,0.0,1.0,0.0,0.0,1.0,0.1436893203883495,0.0
49.1003,2.3439,140.0,0.0,3.0,1.0,0.0,0.0,1.0,0.0,0.0,0.1436893203883495,0.0
45.2636,1.7639,222.0,0.0,4.0,0.0,0.0,1.0,0.0,0.0,1.0,0.1436893203883495,0.0
46.8147,2.6101,182.0,0.0,4.0,1.0,0.0,0.0,1.0,0.0,0.0,0.1436893203883495,0.0
47.7877,-0.444,54.0,0.0,4.0,1.0,0.0,0.0,1.0,0.0,0.0,0.1436893203883495,0.0
44.5088,0.1427,17.0,0.0,4.0,0.0,1.0,0.0,0.0,0.0,1.0,0.1436893203883495,0.0
43.7046,-1.0386,14.0,0.0,4.0,0.0,0.0,1.0,1.0,0.0,0.0,0.1436893203883495,0.0
43.8961,-0.4914,46.0,0.0,4.0,0.0,0.0,1.0,0.0,0.0,1.0,0.1436893203883495,0.0
42.6713,9.4346,15.0,0.0,4.0,0.0,1.0,0.0,1.0,0.0,0.0,0.1436893203883495,0.0
47.9979,2.7195,95.0,0.0,4.0,0.0,0.0,1.0,1.0,0.0,0.0,0.1436893203883495,0.0
42.236,9.19,653.0,0.0,4.0,1.0,0.0,0.0,1.0,0.0,0.0,0.1436893203883495,0.0
49.4983,0.7588,10.0,0.0,4.0,1.0,0.0,0.0,1.0,0.0,0.0,0.1436893203883495,0.0
49.1172,-0.1697,28.0,0.0,3.0,0.0,0.0,1.0,0.0,0.0,1.0,0.1436893203883495,0.0
43.6758,4.0884,15.0,0.0,4.0,0.0,1.0,0.0,0.0,1.0,0.0,0.1436893203883495,0.0
43.095,-0.0524,385.0,0.0,4.0,0.0,0.0,1.0,0.0,0.0,1.0,0.1436893203883495,0.0
44.0545,4.6974,86.0,0.0,4.0,0.0,1.0,0.0,0.0,1.0,0.0,0.1436893203883495,0.0
43.6287,0.1791,230.0,0.0,4.0,1.0,0.0,0.0,1.0,0.0,0.0,0.1436893203883495,0.0
48.645,-0.4583,309.0,0.0,4.0,1.0,0.0,0.0,1.0,0.0,0.0,0.1436893203883495,0.0
49.918,1.074,45.0,0.0,3.0,0.0,0.0,1.0,0.0,0.0,1.0,0.1436893203883495,0.0
44.9201,2.4411,640.0,0.0,4.0,0.0,0.0,1.0,1.0,0.0,0.0,0.1436893203883495,0.0
44.5552,6.073,743.0,0.0,3.0,0.0,0.0,1.0,1.0,0.0,0.0,0.1436893203883495,0.0
44.5487,6.0672,736.0,0.0,3.0,0.0,0.0,1.0,0.0,0.0,1.0,0.1436893203883495,0.0
43.9335,5.7118,668.0,0.0,4.0,1.0,0.0,0.0,1.0,0.0,0.0,0.1436893203883495,0.0
46.6527,3.6007,235.0,0.0,4.0,1.0,0.0,0.0,1.0,0.0,0.0,0.1436893203883495,0.0
43.4536,5.4667,203.0,0.0,3.0,0.0,1.0,0.0,0.0,1.0,0.0,0.1436893203883495,0.0
45.675,6.3897,352.0,0.0,3.0,0.0,0.0,1.0,1.0,0.0,0.0,0.1436893203883495,0.0
47.3074,5.0659,238.0,198870.0,4.0,0.0,1.0,0.0,1.0,0.0,0.0,0.1436893203883495,0.0036968576709796672
45.1584,5.7038,225.0,305569.0,3.0,0.0,1.0,0.0,0.0,0.0,1.0,0.1436893203883495,0.0036968576709796672
43.4379,6.7684,5.0,87714.0,3.0,0.0,1.0,0.0,1.0,0.0,0.0,0.1436893203883495,0.0018484288354898336
45.72,4.8182,163.0,1076752.0,3.0,0.0,1.0,0.0,0.0,0.0,1.0,0.1436893203883495,0.005545286506469501
43.4702,-1.5539,70.0,115561.0,4.0,0.0,1.0,0.0,1.0,0.0,0.0,0.1436893203883495,0.0018484288354898336
48.5281,2.6536,48.0,85038.0,3.0,0.0,1.0,0.0,0.0,0.0,1.0,0.1436893203883495,0.0018484288354898336
48.9908,2.4447,65.0,9845879.0,3.0,0.0,1.0,0.0,1.0,0.0,0.0,0.1436893203883495,0.012939001848428836
50.9775,11.3261,220.0,65228.0,3.0,0.0,0.0,1.0,0.0,0.0,1.0,0.1533980582524272,0.0036968576709796672
50.9822,11.321,224.0,65228.0,3.0,0.0,0.0,1.0,1.0,0.0,0.0,0.1533980582524272,0.0036968576709796672
50.9849,11.0194,195.0,213981.0,4.0,0.0,0.0,1.0,0.0,0.0,1.0,0.1533980582524272,0.0036968576709796672
52.1279,11.6115,58.0,237565.0,3.0,0.0,0.0,1.0,1.0,0.0,0.0,0.1533980582524272,0.0018484288354898336
50.9795,11.0379,195.0,213981.0,3.0,0.0,0.0,1.0,1.0,0.0,0.0,0.1533980582524272,0.0036968576709796672
50.9473,6.9577,55.0,1087863.0,3.0,0.0,0.0,1.0,0.0,0.0,1.0,0.1533980582524272,0.0018484288354898336
51.2492,6.7324,38.0,621877.0,3.0,0.0,0.0,1.0,1.0,0.0,0.0,0.1533980582524272,0.0018484288354898336
51.4965,6.981,40.0,582760.0,2.0,0.0,0.0,1.0,1.0,0.0,0.0,0.1533980582524272,0.0036968576709796672
51.2776,7.2319,186.0,355100.0,3.0,0.0,0.0,1.0,1.0,0.0,0.0,0.1533980582524272,0.0018484288354898336
52.2553,8.0529,95.0,165251.0,3.0,0.0,0.0,1.0,1.0,0.0,0.0,0.1533980582524272,0.0036968576709796672
52.2667,10.5406,81.0,249406.0,3.0,0.0,0.0,1.0,0.0,0.0,1.0,0.1533980582524272,0.0018484288354898336
51.5369,7.4574,71.0,588250.0,3.0,0.0,0.0,1.0,1.0,0.0,0.0,0.1533980582524272,0.0018484288354898336
50.5841,8.6686,159.0,89802.0,3.0,0.0,0.0,1.0,0.0,0.0,1.0,0.1533980582524272,0.0018484288354898336
53.6383,9.998,13.0,1847253.0,4.0,0.0,0.0,1.0,1.0,0.0,0.0,0.1533980582524272,0.011090573012939002
54.1713,12.08,2.0,209191.0,3.0,0.0,0.0,1.0,1.0,0.0,0.0,0.1533980582524272,0.0073937153419593345
50.55,9.6849,269.0,68635.0,3.0,0.0,0.0,1.0,0.0,0.0,1.0,0.1533980582524272,0.0018484288354898336
53.5233,10.0212,4.0,1847253.0,3.0,0.0,0.0,1.0,0.0,1.0,0.0,0.1533980582524272,0.011090573012939002
50.0772,8.2303,135.0,278474.0,3.0,0.0,0.0,1.0,0.0,0.0,1.0,0.1533980582524272,0.005545286506469501
50.1246,8.6919,116.0,763380.0,2.0,0.0,0.0,1.0,0.0,0.0,1.0,0.1533980582524272,0.0036968576709796672
53.5641,9.9679,15.0,1847253.0,3.0,0.0,0.0,1.0,1.0,0.0,0.0,0.1533980582524272,0.011090573012939002
48.1545,11.5547,521.0,1484226.0,3.0,0.0,0.0,1.0,1.0,0.0,0.0,0.1533980582524272,0.0073937153419593345
48.3971,10.0083,470.0,58978.0,3.0,0.0,0.0,1.0,1.0,0.0,0.0,0.1533980582524272,0.0018484288354898336
48.1373,11.5649,521.0,1484226.0,3.0,0.0,0.0,1.0,0.0,0.0,1.0,0.1533980582524272,0.0073937153419593345
54.0923,12.142,1.0,209191.0,3.0,0.0,0.0,1.0,0.0,0.0,1.0,0.1533980582524272,0.0073937153419593345
50.8072,8.7705,184.0,77129.0,3.0,0.0,0.0,1.0,0.0,0.0,1.0,0.1533980582524272,0.0018484288354898336
54.1773,12.0979,2.0,209191.0,3.0,0.0,0.0,1.0,0.0,1.0,0.0,0.1533980582524272,0.0073937153419593345
52.3595,9.7155,66.0,536925.0,3.0,0.0,0.0,1.0,0.0,0.0,1.0,0.1533980582524272,0.0036968576709796672
53.6318,11.3983,58.0,95653.0,3.0,0.0,0.0,1.0,0.0,0.0,1.0,0.1533980582524272,0.0018484288354898336
53.5079,9.9906,3.0,1847253.0,3.0,0.0,0.0,1.0,1.0,0.0,0.0,0.1533980582524272,0.011090573012939002
51.5511,9.9498,170.0,118911.0,3.0,0.0,1.0,0.0,1.0,0.0,0.0,0.1533980582524272,0.0036968576709796672
51.5302,9.9283,150.0,118911.0,3.0,0.0,0.0,1.0,0.0,0.0,1.0,0.1533980582524272,0.0036968576709796672
52.3629,9.7061,85.0,536925.0,3.0,0.0,0.0,1.0,1.0,0.0,0.0,0.1533980582524272,0.0036968576709796672
53.5962,8.0906,2.0,76089.0,3.0,1.0,0.0,0.0,1.0,0.0,0.0,0.1533980582524272,0.0018484288354898336
54.0926,12.0996,9.0,209191.0,3.0,0.0,0.0,1.0,0.0,0.0,1.0,0.1533980582524272,0.0073937153419593345
51.17,6.4589,55.0,261034.0,3.0,0.0,0.0,1.0,0.0,0.0,1.0,0.1533980582524272,0.0018484288354898336
53.1428,8.2121,8.0,169077.0,3.0,0.0,0.0,1.0,0.0,0.0,1.0,0.1533980582524272,0.0018484288354898336
52.2703,8.0415,69.0,165251.0,3.0,0.0,0.0,1.0,0.0,0.0,1.0,0.1533980582524272,0.0036968576709796672
50.001,8.2611,85.0,218578.0,3.0,0.0,0.0,1.0,0.0,0.0,1.0,0.1533980582524272,0.0036968576709796672
49.4555,8.4259,98.0,172253.0,3.0,0.0,0.0,1.0,0.0,1.0,0.0,0.1533980582524272,0.0036968576709796672
51.0315,7.0109,49.0,163729.0,3.0,0.0,0.0,1.0,0.0,0.0,1.0,0.1533980582524272,0.0018484288354898336
49.446,7.7673,232.0,100030.0,3.0,0.0,0.0,1.0,1.0,0.0,0.0,0.1533980582524272,0.0018484288354898336
49.3511,8.423,103.0,50561.0,3.0,0.0,1.0,0.0,1.0,0.0,0.0,0.1533980582524272,0.0018484288354898336
50.3544,7.5966,68.0,114052.0,3.0,0.0,0.0,1.0,0.0,0.0,1.0,0.1533980582524272,0.0018484288354898336
54.7814,9.4381,15.0,90164.0,3.0,0.0,0.0,1.0,0.0,0.0,1.0,0.1533980582524272,0.0018484288354898336
49.995,8.274,100.0,218578.0,3.0,0.0,0.0,1.0,1.0,0.0,0.0,0.1533980582524272,0.0036968576709796672
53.9023,11.476,5.0,0.0,3.0,0.0,0.0,1.0,1.0,0.0,0.0,0.1533980582524272,0.0
53.8178,12.0647,17.0,0.0,3.0,1.0,0.0,0.0,1.0,0.0,0.0,0.1533980582524272,0.0
52.998,7.9426,17.0,0.0,3.0,0.0,1.0,0.0,0.0,1.0,0.0,0.1533980582524272,0.0
52.1702,9.0626,54.0,0.0,3.0,0.0,1.0,0.0,1.0,0.0,0.0,0.1533980582524272,0.0
52.957,11.1671,16.0,0.0,3.0,1.0,0.0,0.0,1.0,0.0,0.0,0.1533980582524272,0.0
51.4488,7.5823,118.0,0.0,3.0,0.0,0.0,1.0,1.0,0.0,0.0,0.1533980582524272,0.0
53.3823,10.5405,37.0,0.0,3.0,0.0,0.0,1.0,1.0,0.0,0.0,0.1533980582524272,0.0
54.0932,10.2406,45.0,0.0,4.0,1.0,0.0,0.0,1.0,0.0,0.0,0.1533980582524272,0.0
49.8412,7.8662,108.0,0.0,3.0,0.0,0.0,1.0,1.0,0.0,0.0,0.1533980582524272,0.0
53.9244,9.5303,40.0,0.0,3.0,0.0,0.0,1.0,1.0,0.0,0.0,0.1533980582524272,0.0
51.1972,11.961,116.0,0.0,3.0,0.0,0.0,1.0,0.0,0.0,1.0,0.1533980582524272,0.0
50.6532,10.6686,490.0,0.0,3.0,0.0,0.0,1.0,1.0,0.0,0.0,0.1533980582524272,0.0
51.8373,11.8914,72.0,0.0,3.0,1.0,0.0,0.0,1.0,0.0,0.0,0.1533980582524272,0.0
51.897,11.0574,120.0,0.0,3.0,0.0,0.0,1.0,1.0,0.0,0.0,0.1533980582524272,0.0
50.6559,12.2052,265.0,0.0,3.0,0.0,0.0,1.0,1.0,0.0,0.0,0.1533980582524272,0.0
51.6624,11.0434,419.0,0.0,4.0,1.0,0.0,0.0,1.0,0.0,0.0,0.1533980582524272,0.0
52.2684,11.8648,47.0,0.0,3.0,0.0,1.0,0.0,1.0,0.0,0.0,0.1533980582524272,0.0
49.679,12.1594,400.0,0.0,3.0,0.0,0.0,1.0,1.0,0.0,0.0,0.1533980582524272,0.0
49.4385,12.5489,755.0,0.0,4.0,1.0,0.0,0.0,1.0,0.0,0.0,0.1533980582524272,0.0
47.5575,9.6889,411.0,0.0,3.0,0.0,0.0,1.0,0.0,0.0,1.0,0.1533980582524272,0.0
48.8532,11.7778,359.0,0.0,3.0,1.0,0.0,0.0,1.0,0.0,0.0,0.1533980582524272,0.0
50.2606,10.9593,291.0,0.0,3.0,0.0,0.0,1.0,0.0,0.0,1.0,0.1533980582524272,0.0
50.0582,12.1887,480.0,0.0,3.0,0.0,1.0,0.0,1.0,0.0,0.0,0.1533980582524272,0.0
49.322,12.1281,380.0,0.0,3.0,0.0,1.0,0.0,1.0,0.0,0.0,0.1533980582524272,0.0
48.9095,11.8792,348.0,0.0,3.0,0.0,0.0,1.0,0.0,0.0,1.0,0.1533980582524272,0.0
49.8694,9.1715,124.0,0.0,3.0,0.0,1.0,0.0,1.0,0.0,0.0,0.1533980582524272,0.0
48.1772,12.8293,420.0,0.0,3.0,0.0,1.0,0.0,1.0,0.0,0.0,0.1533980582524272,0.0
48.326,10.9031,495.0,296582.0,3.0,0.0,1.0,0.0,1.0,0.0,0.0,0.1533980582524272,0.0036968576709796672
47.9688,11.2202,700.0,0.0,3.0,1.0,0.0,0.0,1.0,0.0,0.0,0.1533980582524272,0.0
51.5475,7.6938,76.0,0.0,3.0,0.0,1.0,0.0,1.0,0.0,0.0,0.1533980582524272,0.0
51.5336,7.1019,30.0,259645.0,2.0,0.0,1.0,0.0,1.0,0.0,0.0,0.1533980582524272,0.0018484288354898336
51.4068,6.9656,155.0,582760.0,3.0,0.0,1.0,0.0,1.0,0.0,0.0,0.1533980582524272,0.0036968576709796672
52.4986,7.3175,30.0,0.0,3.0,0.0,1.0,0.0,1.0,0.0,0.0,0.1533980582524272,0.0
51.3426,6.6702,34.0,227417.0,2.0,0.0,1.0,0.0,0.0,1.0,0.0,0.1533980582524272,0.0018484288354898336
52.1537,10.4559,93.0,104291.0,3.0,1.0,0.0,0.0,0.0,1.0,0.0,0.1533980582524272,0.0018484288354898336
53.5644,9.9446,16.0,1847253.0,2.0,0.0,0.0,1.0,0.0,0.0,1.0,0.1533980582524272,0.011090573012939002
50.0721,8.2289,147.0,278474.0,3.0,0.0,0.0,1.0,0.0,0.0,1.0,0.1533980582524272,0.005545286506469501
53.5625,8.5694,3.0,113643.0,3.0,0.0,0.0,1.0,1.0,0.0,0.0,0.1533980582524272,0.0018484288354898336
53.5923,10.0539,12.0,1847253.0,3.0,0.0,0.0,1.0,0.0,0.0,1.0,0.1533980582524272,0.011090573012939002
49.4785,8.4439,94.0,172253.0,3.0,0.0,0.0,1.0,0.0,0.0,1.0,0.1533980582524272,0.0036968576709796672
51.4855,6.7354,24.0,498686.0,3.0,0.0,0.0,1.0,0.0,1.0,0.0,0.1533980582524272,0.0018484288354898336
53.8355,10.6959,12.0,216530.0,3.0,0.0,0.0,1.0,1.0,0.0,0.0,0.1533980582524272,0.0018484288354898336
49.2335,6.9876,192.0,180374.0,3.0,0.0,0.0,1.0,1.0,0.0,0.0,0.1533980582524272,0.0018484288354898336
50.7916,11.6612,357.0,0.0,3.0,1.0,0.0,0.0,1.0,0.0,0.0,0.1533980582524272,0.0
49.3049,10.5723,400.0,0.0,3.0,0.0,0.0,1.0,0.0,0.0,1.0,0.1533980582524272,0.0
52.3497,13.4243,43.0,0.0,2.0,0.0,1.0,0.0,1.0,0.0,0.0,0.1533980582524272,0.0
52.5639,14.0152,88.0,0.0,3.0,1.0,0.0,0.0,1.0,0.0,0.0,0.1533980582524272,0.0
52.1942,12.5614,111.0,0.0,3.0,1.0,0.0,0.0,1.0,0.0,0.0,0.1533980582524272,0.0
52.9319,12.8095,43.0,0.0,3.0,0.0,1.0,0.0,1.0,0.0,0.0,0.1533980582524272,0.0
51.5645,14.3764,99.0,0.0,2.0,0.0,1.0,0.0,1.0,0.0,0.0,0.1533980582524272,0.0
52.4819,13.8483,53.0,0.0,2.0,0.0,1.0,0.0,0.0,0.0,1.0,0.1533980582524272,0.0
51.4627,13.5268,89.0,0.0,3.0,0.0,1.0,0.0,1.0,0.0,0.0,0.1533980582524272,0.0
52.6777,13.5823,71.0,0.0,2.0,0.0,0.0,1.0,0.0,0.0,1.0,0.1533980582524272,0.0
52.6085,12.8853,31.0,0.0,3.0,0.0,1.0,0.0,1.0,0.0,0.0,0.1533980582524272,0.0
52.8325,13.8222,20.0,0.0,3.0,0.0,0.0,1.0,0.0,0.0,1.0,0.1533980582524272,0.0
51.8975,14.0569,52.0,0.0,3.0,1.0,0.0,0.0,1.0,0.0,0.0,0.1533980582524272,0.0
52.9988,11.7385,22.0,0.0,3.0,0.0,1.0,0.0,1.0,0.0,0.0,0.1533980582524272,0.0
52.1463,14.6382,40.0,0.0,2.0,0.0,1.0,0.0,0.0,1.0,0.0,0.1533980582524272,0.0
53.0643,14.2851,5.0,0.0,3.0,0.0,1.0,0.0,0.0,1.0,0.0,0.1533980582524272,0.0
49.6432,8.642,107.0,0.0,3.0,0.0,0.0,1.0,0.0,0.0,1.0,0.1533980582524272,0.0
51.6137,10.4228,273.0,0.0,3.0,0.0,1.0,0.0,0.0,0.0,1.0,0.1533980582524272,0.0
53.3963,12.4639,116.0,0.0,3.0,1.0,0.0,0.0,1.0,0.0,0.0,0.1533980582524272,0.0
51.6414,7.3314,56.0,0.0,3.0,0.0,1.0,0.0,1.0,0.0,0.0,0.1533980582524272,0.0
53.7818,12.1755,17.0,0.0,3.0,0.0,0.0,1.0,1.0,0.0,0.0,0.1533980582524272,0.0
51.9016,10.4813,208.0,0.0,3.0,0.0,1.0,0.0,1.0,0.0,0.0,0.1533980582524272,0.0
53.5205,14.2574,17.0,0.0,3.0,1.0,0.0,0.0,1.0,0.0,0.0,0.1533980582524272,0.0
51.6729,6.6297,26.0,0.0,3.0,0.0,1.0,0.0,1.0,0.0,0.0,0.1533980582524272,0.0
51.5707,8.148,108.0,0.0,3.0,1.0,0.0,0.0,1.0,0.0,0.0,0.1533980582524272,0.0
50.8835,6.4693,105.0,0.0,2.0,1.0,0.0,0.0,0.0,1.0,0.0,0.1533980582524272,0.0
51.443,8.3608,315.0,0.0,3.0,0.0,0.0,1.0,0.0,1.0,0.0,0.1533980582524272,0.0
49.2703,7.8264,600.0,0.0,4.0,1.0,0.0,0.0,1.0,0.0,0.0,0.1533980582524272,0.0
48.3766,10.8884,477.0,296582.0,3.0,0.0,0.0,1.0,1.0,0.0,0.0,0.1533980582524272,0.0036968576709796672
48.7694,11.4288,374.0,137392.0,3.0,0.0,0.0,1.0,0.0,0.0,1.0,0.1533980582524272,0.0018484288354898336
51.7468,14.3345,75.0,99678.0,3.0,0.0,0.0,1.0,1.0,0.0,0.0,0.1533980582524272,0.0036968576709796672
52.4094,12.5486,33.0,72184.0,3.0,0.0,0.0,1.0,0.0,0.0,1.0,0.1533980582524272,0.0036968576709796672
52.3373,14.5386,56.0,57751.0,2.0,0.0,0.0,1.0,0.0,0.0,1.0,0.1533980582524272,0.0036968576709796672
52.4014,13.0602,31.0,180334.0,3.0,0.0,0.0,1.0,1.0,0.0,0.0,0.1533980582524272,0.0073937153419593345
52.3939,13.0375,31.0,180334.0,3.0,0.0,0.0,1.0,0.0,0.0,1.0,0.1533980582524272,0.0073937153419593345
51.7566,14.328,75.0,99678.0,2.0,0.0,0.0,1.0,0.0,0.0,1.0,0.1533980582524272,0.0036968576709796672
52.3889,13.0946,32.0,180334.0,3.0,0.0,0.0,1.0,0.0,0.0,1.0,0.1533980582524272,0.0073937153419593345
52.8009,10.7561,74.0,0.0,4.0,1.0,0.0,0.0,1.0,0.0,0.0,0.1533980582524272,0.0
51.4962,11.9791,116.0,238762.0,3.0,0.0,0.0,1.0,1.0,0.0,0.0,0.1533980582524272,0.005545286506469501
51.4752,11.9834,113.0,238762.0,2.0,0.0,0.0,1.0,0.0,0.0,1.0,0.1533980582524272,0.005545286506469501
51.4948,11.9813,118.0,238762.0,3.0,0.0,0.0,1.0,0.0,0.0,1.0,0.1533980582524272,0.005545286506469501
54.3047,10.1352,8.0,246794.0,3.0,0.0,0.0,1.0,0.0,0.0,1.0,0.1533980582524272,0.0018484288354898336
49.784,6.6903,131.0,111528.0,3.0,0.0,1.0,0.0,0.0,1.0,0.0,0.1533980582524272,0.0018484288354898336
49.6288,8.3648,90.0,0.0,3.0,0.0,0.0,1.0,0.0,0.0,1.0,0.1533980582524272,0.0
50.4314,7.4607,61.0,0.0,3.0,0.0,0.0,1.0,0.0,0.0,1.0,0.1533980582524272,0.0
50.4243,7.7299,540.0,0.0,4.0,1.0,0.0,0.0,1.0,0.0,0.0,0.1533980582524272,0.0
50.0755,8.5763,94.0,763380.0,3.0,0.0,1.0,0.0,1.0,0.0,0.0,0.1533980582524272,0.0036968576709796672
51.4309,8.9282,343.0,0.0,3.0,1.0,0.0,0.0,1.0,0.0,0.0,0.1533980582524272,0.0
47.6485,12.1883,469.0,0.0,3.0,1.0,0.0,0.0,0.0,0.0,1.0,0.1533980582524272,0.0
48.0217,12.5382,488.0,0.0,3.0,0.0,1.0,0.0,1.0,0.0,0.0,0.1533980582524272,0.0
48.9522,10.5977,417.0,0.0,3.0,0.0,1.0,0.0,1.0,0.0,0.0,0.1533980582524272,0.0
50.0503,8.245,127.0,278474.0,3.0,0.0,0.0,1.0,1.0,0.0,0.0,0.1533980582524272,0.005545286506469501
48.5736,13.422,300.0,52803.0,3.0,0.0,0.0,1.0,1.0,0.0,0.0,0.1533980582524272,0.0018484288354898336
49.4622,11.0248,300.0,518370.0,3.0,0.0,0.0,1.0,1.0,0.0,0.0,0.1533980582524272,0.0036968576709796672
49.4459,11.0884,307.0,518370.0,3.0,0.0,0.0,1.0,0.0,0.0,1.0,0.1533980582524272,0.0036968576709796672
53.06,8.917,7.0,567559.0,3.0,0.0,0.0,1.0,1.0,0.0,0.0,0.1533980582524272,0.0036968576709796672
48.1496,11.5365,521.0,1484226.0,3.0,0.0,0.0,1.0,0.0,0.0,1.0,0.1533980582524272,0.0073937153419593345
49.8983,10.8877,231.0,77373.0,3.0,0.0,0.0,1.0,1.0,0.0,0.0,0.1533980582524272,0.0018484288354898336
52.4842,13.1237,39.0,180334.0,3.0,0.0,1.0,0.0,1.0,0.0,0.0,0.1533980582524272,0.0073937153419593345
52.3347,14.526,74.0,57751.0,2.0,0.0,1.0,0.0,1.0,0.0,0.0,0.1533980582524272,0.0036968576709796672
52.4204,12.5523,33.0,72184.0,3.0,0.0,1.0,0.0,1.0,0.0,0.0,0.1533980582524272,0.0036968576709796672
49.9915,9.118,134.0,71002.0,3.0,0.0,1.0,0.0,1.0,0.0,0.0,0.1533980582524272,0.0018484288354898336
48.1732,11.648,513.0,1484226.0,3.0,0.0,1.0,0.0,1.0,0.0,0.0,0.1533980582524272,0.0073937153419593345
50.0103,8.4515,90.0,0.0,3.0,0.0,0.0,1.0,1.0,0.0,0.0,0.1533980582524272,0.0
47.7251,10.3066,678.0,69151.0,3.0,0.0,1.0,0.0,1.0,0.0,0.0,0.1533980582524272,0.0018484288354898336
48.1828,12.7814,415.0,0.0,3.0,1.0,0.0,0.0,1.0,0.0,0.0,0.1533980582524272,0.0
49.8047,9.9564,226.0,127934.0,3.0,0.0,1.0,0.0,1.0,0.0,0.0,0.1533980582524272,0.0018484288354898336
49.4441,10.325,362.0,0.0,3.0,1.0,0.0,0.0,1.0,0.0,0.0,0.1533980582524272,0.0
53.1177,8.6951,4.0,567559.0,3.0,1.0,0.0,0.0,0.0,1.0,0.0,0.1533980582524272,0.0036968576709796672
54.6167,9.3637,14.0,0.0,3.0,1.0,0.0,0.0,1.0,0.0,0.0,0.1533980582524272,0.0
37.9951,23.8194,290.0,664046.0,3.0,0.0,1.0,0.0,1.0,0.0,0.0,0.010679611650485437,0.009242144177449169
37.9881,23.7276,95.0,664046.0,2.0,0.0,0.0,1.0,0.0,0.0,1.0,0.010679611650485437,0.009242144177449169
37.9447,23.6452,20.0,664046.0,2.0,0.0,0.0,1.0,0.0,0.0,1.0,0.010679611650485437,0.009242144177449169
38.2465,21.7345,19.0,170896.0,2.0,0.0,0.0,1.0,0.0,0.0,1.0,0.010679611650485437,0.0018484288354898336
40.6337,22.9451,27.0,315196.0,2.0,0.0,0.0,1.0,0.0,0.0,1.0,0.010679611650485437,0.0018484288354898336
39.3667,22.9429,31.0,86046.0,2.0,0.0,0.0,1.0,0.0,0.0,1.0,0.010679611650485437,0.0018484288354898336
40.5889,23.0317,363.0,0.0,3.0,0.0,1.0,0.0,1.0,0.0,0.0,0.010679611650485437,0.0
38.1435,23.7582,550.0,664046.0,3.0,0.0,1.0,0.0,1.0,0.0,0.0,0.010679611650485437,0.009242144177449169
38.0513,23.5384,20.0,0.0,2.0,0.0,1.0,0.0,0.0,1.0,0.0,0.010679611650485437,0.0
38.0678,23.789,210.0,664046.0,2.0,0.0,1.0,0.0,1.0,0.0,0.0,0.010679611650485437,0.009242144177449169
38.3753,23.1103,110.0,0.0,3.0,1.0,0.0,0.0,1.0,0.0,0.0,0.010679611650485437,0.0
64.0589,-21.9907,24.0,132252.0,5.0,0.0,1.0,0.0,1.0,0.0,0.0,0.008737864077669903,0.009242144177449169
64.1301,-21.8746,31.0,132252.0,2.0,0.0,0.0,1.0,0.0,0.0,1.0,0.008737864077669903,0.009242144177449169
64.0442,-21.9854,19.0,132252.0,5.0,0.0,1.0,0.0,1.0,0.0,0.0,0.008737864077669903,0.009242144177449169
64.1389,-21.8734,19.0,132252.0,4.0,0.0,0.0,1.0,1.0,0.0,0.0,0.008737864077669903,0.009242144177449169
66.0793,-17.3422,6.0,0.0,5.0,0.0,1.0,0.0,0.0,1.0,0.0,0.008737864077669903,0.0
64.3342,-21.8357,55.0,0.0,5.0,1.0,0.0,0.0,0.0,1.0,0.0,0.008737864077669903,0.0
64.105,-21.889,10.0,132252.0,4.0,0.0,1.0,0.0,1.0,0.0,0.0,0.008737864077669903,0.009242144177449169
66.0549,-17.3475,47.0,0.0,5.0,0.0,1.0,0.0,0.0,1.0,0.0,0.008737864077669903,0.0
64.3736,-21.7591,10.0,0.0,5.0,1.0,0.0,0.0,0.0,1.0,0.0,0.008737864077669903,0.0
45.9131,9.4969,1192.0,0.0,3.0,1.0,0.0,0.0,1.0,0.0,0.0,0.05048543689320388,0.0
45.3028,9.4953,76.0,0.0,2.0,0.0,0.0,1.0,1.0,0.0,0.0,0.05048543689320388,0.0
41.1078,16.7661,40.0,0.0,2.0,0.0,1.0,0.0,0.0,1.0,0.0,0.05048543689320388,0.0
45.6903,9.6439,249.0,120783.0,2.0,0.0,0.0,1.0,1.0,0.0,0.0,0.05048543689320388,0.0018484288354898336
45.1939,9.1647,77.0,71882.0,2.0,0.0,0.0,1.0,1.0,0.0,0.0,0.05048543689320388,0.0018484288354898336
45.5153,10.2194,70.0,196340.0,2.0,0.0,0.0,1.0,1.0,0.0,0.0,0.05048543689320388,0.0018484288354898336
40.6839,14.7697,35.0,131556.0,3.0,0.0,0.0,1.0,0.0,0.0,1.0,0.05048543689320388,0.0018484288354898336
45.0419,7.6259,260.0,857910.0,2.0,0.0,0.0,1.0,1.0,0.0,0.0,0.05048543689320388,0.0018484288354898336
43.6059,13.4923,5.0,99077.0,3.0,0.0,0.0,1.0,0.0,1.0,0.0,0.05048543689320388,0.0036968576709796672
45.5339,9.2364,137.0,3622641.0,2.0,0.0,0.0,1.0,0.0,0.0,1.0,0.05048543689320388,0.0073937153419593345
45.8044,9.0836,201.0,85543.0,2.0,0.0,0.0,1.0,0.0,0.0,1.0,0.05048543689320388,0.0018484288354898336
45.8169,8.8203,388.0,80724.0,2.0,0.0,0.0,1.0,0.0,0.0,1.0,0.05048543689320388,0.0018484288354898336
40.8542,14.2513,46.0,2855958.0,2.0,0.0,0.0,1.0,0.0,0.0,1.0,0.05048543689320388,0.0036968576709796672
45.8494,9.3958,267.0,48058.0,2.0,0.0,0.0,1.0,1.0,0.0,0.0,0.05048543689320388,0.0018484288354898336
45.1422,10.0458,45.0,72399.0,1.0,0.0,0.0,1.0,1.0,0.0,0.0,0.05048543689320388,0.0018484288354898336
40.8643,14.3411,33.0,2855958.0,2.0,0.0,1.0,0.0,0.0,0.0,1.0,0.05048543689320388,0.0036968576709796672
46.6195,10.8591,640.0,0.0,3.0,0.0,0.0,1.0,1.0,0.0,0.0,0.05048543689320388,0.0
41.7794,14.1036,803.0,0.0,4.0,0.0,1.0,0.0,1.0,0.0,0.0,0.05048543689320388,0.0
42.6656,13.7261,228.0,0.0,3.0,0.0,0.0,1.0,1.0,0.0,0.0,0.05048543689320388,0.0
42.4214,14.2792,6.0,0.0,3.0,0.0,1.0,0.0,1.0,0.0,0.0,0.05048543689320388,0.0
40.6492,17.5125,100.0,0.0,2.0,0.0,1.0,0.0,1.0,0.0,0.0,0.05048543689320388,0.0
43.8933,12.9189,20.0,95152.0,2.0,0.0,1.0,0.0,1.0,0.0,0.0,0.05048543689320388,0.0018484288354898336
42.3642,13.3831,673.0,70019.0,3.0,0.0,0.0,1.0,1.0,0.0,0.0,0.05048543689320388,0.0018484288354898336
42.4664,14.2131,9.0,119862.0,2.0,0.0,0.0,1.0,0.0,0.0,1.0,0.05048543689320388,0.0036968576709796672
44.116,9.8439,6.0,92550.0,3.0,0.0,0.0,1.0,1.0,0.0,0.0,0.05048543689320388,0.0036968576709796672
41.0844,14.3447,68.0,73984.0,3.0,0.0,0.0,1.0,1.0,0.0,0.0,0.05048543689320388,0.0018484288354898336
43.3356,13.6747,110.0,0.0,3.0,1.0,0.0,0.0,1.0,0.0,0.0,0.05048543689320388,0.0
43.285,13.4286,225.0,0.0,4.0,0.0,1.0,0.0,1.0,0.0,0.0,0.05048543689320388,0.0
43.5989,13.3419,15.0,0.0,3.0,0.0,1.0,0.0,1.0,0.0,0.0,0.05048543689320388,0.0
41.1315,14.7894,159.0,0.0,2.0,0.0,0.0,1.0,0.0,0.0,1.0,0.05048543689320388,0.0
45.2847,9.8642,70.0,0.0,1.0,0.0,1.0,0.0,0.0,0.0,1.0,0.05048543689320388,0.0
44.9969,11.0708,16.0,0.0,2.0,1.0,0.0,0.0,1.0,0.0,0.0,0.05048543689320388,0.0
45.6439,9.6147,207.0,0.0,2.0,0.0,0.0,1.0,1.0,0.0,0.0,0.05048543689320388,0.0
45.6833,9.4667,273.0,0.0,2.0,0.0,1.0,0.0,1.0,0.0,0.0,0.05048543689320388,0.0
45.8739,10.1775,226.0,0.0,2.0,0.0,1.0,0.0,1.0,0.0,0.0,0.05048543689320388,0.0
45.4783,9.2358,122.0,3622641.0,2.0,0.0,0.0,1.0,1.0,0.0,0.0,0.05048543689320388,0.0073937153419593345
46.4348,11.3401,230.0,0.0,3.0,0.0,1.0,0.0,1.0,0.0,0.0,0.05048543689320388,0.0
45.698,9.4062,292.0,0.0,2.0,0.0,0.0,1.0,0.0,0.0,1.0,0.05048543689320388,0.0
44.397,8.206,450.0,0.0,3.0,1.0,0.0,0.0,1.0,0.0,0.0,0.05048543689320388,0.0
42.3461,14.1378,50.0,0.0,2.0,0.0,0.0,1.0,1.0,0.0,0.0,0.05048543689320388,0.0
40.4894,18.0472,50.0,0.0,2.0,0.0,1.0,0.0,1.0,0.0,0.0,0.05048543689320388,0.0
43.4681,12.9522,550.0,0.0,3.0,1.0,0.0,0.0,1.0,0.0,0.0,0.05048543689320388,0.0
43.6117,13.5086,100.0,99077.0,3.0,0.0,0.0,1.0,1.0,0.0,0.0,0.05048543689320388,0.0036968576709796672
43.6333,13.3875,10.0,0.0,3.0,0.0,1.0,0.0,0.0,1.0,0.0,0.05048543689320388,0.0
43.5269,13.245,100.0,0.0,0.0,0.0,0.0,1.0,0.0,0.0,1.0,0.05048543689320388,0.0
42.5175,14.1483,5.0,0.0,2.0,0.0,0.0,1.0,0.0,0.0,1.0,0.05048543689320388,0.0
44.1108,9.8321,2.0,92550.0,3.0,0.0,0.0,1.0,0.0,0.0,1.0,0.05048543689320388,0.0036968576709796672
42.4564,14.2347,4.0,119862.0,2.0,0.0,0.0,1.0,1.0,0.0,0.0,0.05048543689320388,0.0036968576709796672
46.4703,10.3725,1225.0,0.0,3.0,0.0,0.0,1.0,1.0,0.0,0.0,0.05048543689320388,0.0
46.1686,9.8803,290.0,0.0,2.0,0.0,0.0,1.0,1.0,0.0,0.0,0.05048543689320388,0.0
45.6269,9.0242,212.0,3622641.0,2.0,0.0,0.0,1.0,1.0,0.0,0.0,0.05048543689320388,0.0073937153419593345
45.4697,9.1981,122.0,3622641.0,2.0,0.0,0.0,1.0,0.0,0.0,1.0,0.05048543689320388,0.0073937153419593345
42.4678,21.4604,510.0,0.0,1.0,0.0,0.0,1.0,1.0,0.0,0.0,0.007766990291262136,0.0
42.154,21.296,399.0,0.0,2.0,0.0,1.0,0.0,1.0,0.0,0.0,0.007766990291262136,0.0
42.2199,20.7279,410.0,0.0,2.0,0.0,0.0,1.0,1.0,0.0,0.0,0.007766990291262136,0.0
42.6253,20.891,580.0,0.0,2.0,0.0,0.0,1.0,1.0,0.0,0.0,0.007766990291262136,0.0
42.6488,21.1371,573.0,0.0,2.0,0.0,1.0,0.0,1.0,0.0,0.0,0.007766990291262136,0.0
42.6657,20.3051,500.0,0.0,2.0,0.0,0.0,1.0,1.0,0.0,0.0,0.007766990291262136,0.0
42.6596,21.1573,583.0,0.0,2.0,0.0,0.0,1.0,1.0,0.0,0.0,0.007766990291262136,0.0
42.8918,20.8689,500.0,0.0,2.0,0.0,0.0,1.0,1.0,0.0,0.0,0.007766990291262136,0.0
55.69,21.1795,12.0,149116.0,2.0,0.0,0.0,1.0,0.0,0.0,1.0,0.003883495145631068,0.0018484288354898336
54.7153,25.2894,119.0,561836.0,2.0,0.0,0.0,1.0,0.0,0.0,1.0,0.003883495145631068,0.0018484288354898336
54.8951,23.9862,31.0,289364.0,3.0,0.0,0.0,1.0,0.0,0.0,1.0,0.003883495145631068,0.0018484288354898336
54.8836,23.8358,73.0,0.0,3.0,0.0,0.0,1.0,1.0,0.0,0.0,0.003883495145631068,0.0
49.6116,6.1185,303.0,115227.0,3.0,0.0,0.0,1.0,0.0,0.0,1.0,0.003883495145631068,0.0036968576709796672
49.505,5.9769,287.0,0.0,3.0,0.0,0.0,1.0,1.0,0.0,0.0,0.003883495145631068,0.0
49.5977,6.1376,275.0,115227.0,3.0,0.0,0.0,1.0,1.0,0.0,0.0,0.003883495145631068,0.0036968576709796672
49.7223,6.3053,319.0,0.0,4.0,1.0,0.0,0.0,1.0,0.0,0.0,0.003883495145631068,0.0
52.105,5.1245,3.0,450062.0,3.0,0.0,0.0,1.0,0.0,0.0,1.0,0.043689320388349516,0.0036968576709796672
51.8911,4.4807,3.0,1232747.0,2.0,0.0,0.0,1.0,0.0,0.0,1.0,0.043689320388349516,0.014787430683918669
52.3813,4.8452,2.0,996915.0,3.0,0.0,0.0,1.0,0.0,0.0,1.0,0.043689320388349516,0.009242144177449169
52.1013,5.1282,5.0,450062.0,3.0,0.0,0.0,1.0,1.0,0.0,0.0,0.043689320388349516,0.0036968576709796672
52.494,4.602,11.0,93868.0,3.0,0.0,0.0,1.0,0.0,1.0,0.0,0.043689320388349516,0.0036968576709796672
53.2178,6.5789,5.0,231299.0,3.0,0.0,0.0,1.0,0.0,0.0,1.0,0.043689320388349516,0.0036968576709796672
52.4893,4.6405,6.0,93868.0,3.0,0.0,0.0,1.0,1.0,0.0,0.0,0.043689320388349516,0.0036968576709796672
52.4744,4.6288,4.0,280309.0,3.0,0.0,0.0,1.0,0.0,1.0,0.0,0.043689320388349516,0.005545286506469501
53.2465,6.6089,0.0,231299.0,3.0,0.0,0.0,1.0,1.0,0.0,0.0,0.043689320388349516,0.0036968576709796672
52.394,4.8702,3.0,996915.0,3.0,0.0,0.0,1.0,1.0,0.0,0.0,0.043689320388349516,0.009242144177449169
50.9003,5.9869,99.0,198168.0,4.0,0.0,0.0,1.0,1.0,0.0,0.0,0.043689320388349516,0.0036968576709796672
51.9214,4.4014,3.0,1232747.0,3.0,0.0,0.0,1.0,1.0,0.0,0.0,0.043689320388349516,0.014787430683918669
51.5184,5.1485,15.0,0.0,3.0,1.0,0.0,0.0,1.0,0.0,0.0,0.043689320388349516,0.0
52.2966,4.5108,4.0,0.0,3.0,1.0,0.0,0.0,1.0,0.0,0.0,0.043689320388349516,0.0
52.2015,4.9874,1.0,0.0,3.0,0.0,0.0,1.0,0.0,0.0,1.0,0.043689320388349516,0.0
52.8037,5.0505,-2.0,0.0,3.0,1.0,0.0,0.0,1.0,0.0,0.0,0.043689320388349516,0.0
51.8414,5.8578,31.0,176731.0,3.0,0.0,0.0,1.0,0.0,0.0,1.0,0.043689320388349516,0.0036968576709796672
52.1116,5.7084,22.0,154484.0,3.0,1.0,0.0,0.0,1.0,0.0,0.0,0.043689320388349516,0.0018484288354898336
51.5935,4.8249,8.0,183873.0,3.0,0.0,0.0,1.0,0.0,0.0,1.0,0.043689320388349516,0.0036968576709796672
52.0771,4.2892,4.0,769888.0,3.0,0.0,0.0,1.0,1.0,0.0,0.0,0.043689320388349516,0.0018484288354898336
51.8694,4.5801,2.0,1232747.0,3.0,0.0,0.0,1.0,0.0,0.0,1.0,0.043689320388349516,0.014787430683918669
50.888,5.9705,112.0,198168.0,3.0,0.0,0.0,1.0,0.0,0.0,1.0,0.043689320388349516,0.0036968576709796672
51.9385,4.4307,-1.0,1232747.0,3.0,0.0,0.0,1.0,0.0,0.0,1.0,0.043689320388349516,0.014787430683918669
52.463,4.6018,10.0,280309.0,3.0,0.0,0.0,1.0,0.0,1.0,0.0,0.043689320388349516,0.005545286506469501
52.39,4.8878,3.0,996915.0,2.0,0.0,0.0,1.0,0.0,0.0,1.0,0.043689320388349516,0.009242144177449169
52.358,4.8997,5.0,996915.0,3.0,0.0,0.0,1.0,0.0,0.0,1.0,0.043689320388349516,0.009242144177449169
52.2345,6.9195,58.0,158986.0,3.0,0.0,0.0,1.0,1.0,0.0,0.0,0.043689320388349516,0.0018484288354898336
51.8382,5.8569,31.0,176731.0,3.0,0.0,0.0,1.0,1.0,0.0,0.0,0.043689320388349516,0.0036968576709796672
51.6031,4.781,1.0,183873.0,3.0,0.0,0.0,1.0,1.0,0.0,0.0,0.043689320388349516,0.0036968576709796672
51.9271,4.4613,2.0,1232747.0,3.0,0.0,0.0,1.0,0.0,0.0,1.0,0.043689320388349516,0.014787430683918669
52.448,4.8167,2.0,155885.0,3.0,0.0,0.0,1.0,1.0,0.0,0.0,0.043689320388349516,0.0036968576709796672
52.428,4.7735,1.0,155885.0,3.0,0.0,0.0,1.0,0.0,1.0,0.0,0.043689320388349516,0.0036968576709796672
52.3597,4.8662,2.0,996915.0,3.0,0.0,0.0,1.0,1.0,0.0,0.0,0.043689320388349516,0.009242144177449169
51.9142,4.4799,1.0,1232747.0,3.0,0.0,0.0,1.0,1.0,0.0,0.0,0.043689320388349516,0.014787430683918669
51.8936,4.4875,2.0,1232747.0,3.0,0.0,0.0,1.0,1.0,0.0,0.0,0.043689320388349516,0.014787430683918669
51.4074,5.3933,26.0,276979.0,3.0,0.0,0.0,1.0,1.0,0.0,0.0,0.043689320388349516,0.0018484288354898336
51.9778,4.1219,6.0,1232747.0,3.0,0.0,1.0,0.0,0.0,1.0,0.0,0.043689320388349516,0.014787430683918669
52.334,4.774,-2.0,154235.0,3.0,0.0,0.0,1.0,1.0,0.0,0.0,0.043689320388349516,0.0018484288354898336
52.4789,4.5793,11.0,280309.0,3.0,1.0,0.0,0.0,0.0,1.0,0.0,0.043689320388349516,0.005545286506469501
51.5405,5.8531,30.0,0.0,3.0,1.0,0.0,0.0,1.0,0.0,0.0,0.043689320388349516,0.0
51.932,4.228,4.0,0.0,3.0,0.0,0.0,1.0,1.0,0.0,0.0,0.043689320388349516,0.0
51.9745,4.9233,0.0,0.0,3.0,1.0,0.0,0.0,1.0,0.0,0.0,0.043689320388349516,0.0
52.5636,4.8617,3.0,188764.0,3.0,1.0,0.0,0.0,1.0,0.0,0.0,0.043689320388349516,0.0018484288354898336
52.3984,4.7286,-1.0,0.0,3.0,1.0,0.0,0.0,1.0,0.0,0.0,0.043689320388349516,0.0
53.3304,6.2768,1.0,0.0,4.0,1.0,0.0,0.0,1.0,0.0,0.0,0.043689320388349516,0.0
60.3741,5.3404,20.0,267950.0,4.0,0.0,0.0,1.0,0.0,0.0,1.0,0.04563106796116505,0.011090573012939002
60.3922,5.3278,5.0,267950.0,4.0,0.0,0.0,1.0,1.0,0.0,0.0,0.04563106796116505,0.011090573012939002
63.4304,10.3935,30.0,179692.0,4.0,0.0,0.0,1.0,1.0,0.0,0.0,0.04563106796116505,0.0073937153419593345
59.9193,10.6965,17.0,623966.0,3.0,0.0,0.0,1.0,0.0,0.0,1.0,0.04563106796116505,0.018484288354898338
60.3959,5.3127,35.0,267950.0,4.0,0.0,0.0,1.0,1.0,0.0,0.0,0.04563106796116505,0.011090573012939002
69.6563,18.9637,11.0,70358.0,4.0,0.0,1.0,0.0,0.0,0.0,1.0,0.04563106796116505,0.0018484288354898336
63.3576,10.3717,153.0,179692.0,4.0,0.0,1.0,0.0,0.0,0.0,1.0,0.04563106796116505,0.0073937153419593345
63.4175,10.3968,20.0,179692.0,4.0,0.0,0.0,1.0,0.0,0.0,1.0,0.04563106796116505,0.0073937153419593345
63.433,10.4109,15.0,179692.0,4.0,0.0,0.0,1.0,0.0,0.0,1.0,0.04563106796116505,0.0073937153419593345
59.9323,10.7246,61.0,623966.0,4.0,0.0,0.0,1.0,0.0,0.0,1.0,0.04563106796116505,0.018484288354898338
59.941,10.798,148.0,623966.0,4.0,0.0,1.0,0.0,0.0,0.0,1.0,0.04563106796116505,0.018484288354898338
68.4354,17.4249,100.0,0.0,5.0,0.0,0.0,1.0,0.0,0.0,1.0,0.04563106796116505,0.0
60.8859,10.9378,141.0,0.0,4.0,0.0,1.0,0.0,0.0,0.0,1.0,0.04563106796116505,0.0
59.1233,11.3911,100.0,0.0,4.0,0.0,1.0,0.0,0.0,0.0,1.0,0.04563106796116505,0.0
59.2103,10.9453,5.0,0.0,3.0,0.0,1.0,0.0,0.0,0.0,1.0,0.04563106796116505,0.0
58.9616,5.7314,34.0,129191.0,4.0,0.0,1.0,0.0,1.0,0.0,0.0,0.04563106796116505,0.005545286506469501
68.7922,16.5374,100.0,0.0,4.0,0.0,1.0,0.0,0.0,0.0,1.0,0.04563106796116505,0.0
60.8836,11.5593,187.0,0.0,4.0,0.0,1.0,0.0,0.0,0.0,1.0,0.04563106796116505,0.0
61.1209,10.4656,212.0,0.0,4.0,0.0,1.0,0.0,1.0,0.0,0.0,0.04563106796116505,0.0
60.4627,5.3325,95.0,267950.0,5.0,0.0,1.0,0.0,1.0,0.0,0.0,0.04563106796116505,0.011090573012939002
59.9555,11.074,105.0,0.0,4.0,0.0,1.0,0.0,0.0,0.0,1.0,0.04563106796116505,0.0
59.1335,9.6219,5.0,0.0,4.0,0.0,1.0,0.0,1.0,0.0,0.0,0.04563106796116505,0.0
60.7965,11.0978,130.0,0.0,4.0,0.0,1.0,0.0,0.0,0.0,1.0,0.04563106796116505,0.0
59.9182,10.5839,62.0,0.0,4.0,0.0,1.0,0.0,1.0,0.0,0.0,0.04563106796116505,0.0
59.2738,11.0892,25.0,0.0,3.0,0.0,1.0,0.0,0.0,0.0,1.0,0.04563106796116505,0.0
58.9642,5.7279,32.0,129191.0,4.0,0.0,1.0,0.0,0.0,0.0,1.0,0.04563106796116505,0.005545286506469501
59.9256,10.8504,95.0,623966.0,3.0,0.0,1.0,0.0,0.0,0.0,1.0,0.04563106796116505,0.018484288354898338
60.2943,5.3246,35.0,267950.0,4.0,0.0,1.0,0.0,0.0,0.0,1.0,0.04563106796116505,0.011090573012939002
59.9277,10.8466,95.0,623966.0,4.0,0.0,1.0,0.0,0.0,0.0,1.0,0.04563106796116505,0.018484288354898338
59.9142,10.8247,100.0,623966.0,3.0,0.0,1.0,0.0,1.0,0.0,0.0,0.04563106796116505,0.018484288354898338
59.8986,10.8149,130.0,623966.0,4.0,0.0,1.0,0.0,0.0,0.0,1.0,0.04563106796116505,0.018484288354898338
59.9231,10.7657,24.0,623966.0,4.0,0.0,0.0,1.0,1.0,0.0,0.0,0.04563106796116505,0.018484288354898338
59.9113,10.704,8.0,623966.0,4.0,0.0,0.0,1.0,0.0,0.0,1.0,0.04563106796116505,0.018484288354898338
60.3611,5.2369,7.0,267950.0,4.0,0.0,1.0,0.0,0.0,0.0,1.0,0.04563106796116505,0.011090573012939002
59.9061,10.612,12.0,0.0,3.0,0.0,1.0,0.0,0.0,0.0,1.0,0.04563106796116505,0.0
59.9325,10.6699,60.0,623966.0,4.0,0.0,1.0,0.0,0.0,0.0,1.0,0.04563106796116505,0.018484288354898338
59.1593,9.6357,14.0,0.0,4.0,0.0,1.0,0.0,0.0,0.0,1.0,0.04563106796116505,0.0
60.7909,10.6967,130.0,0.0,4.0,0.0,1.0,0.0,0.0,0.0,1.0,0.04563106796116505,0.0
58.9519,5.7219,4.5,129191.0,4.0,0.0,1.0,0.0,0.0,0.0,1.0,0.04563106796116505,0.005545286506469501
59.2637,10.4112,100.0,0.0,4.0,0.0,1.0,0.0,0.0,0.0,1.0,0.04563106796116505,0.0
59.9286,10.9532,100.0,0.0,3.0,0.0,1.0,0.0,0.0,0.0,1.0,0.04563106796116505,0.0
59.4335,10.6618,100.0,0.0,4.0,0.0,1.0,0.0,0.0,0.0,1.0,0.04563106796116505,0.0
61.1129,10.4649,180.0,0.0,4.0,0.0,1.0,0.0,0.0,0.0,1.0,0.04563106796116505,0.0
66.3122,14.1499,100.0,0.0,4.0,0.0,1.0,0.0,0.0,1.0,0.0,0.04563106796116505,0.0
59.0573,9.6956,35.0,0.0,4.0,0.0,1.0,0.0,0.0,1.0,0.0,0.04563106796116505,0.0
67.2755,14.4191,100.0,0.0,5.0,0.0,1.0,0.0,0.0,0.0,1.0,0.04563106796116505,0.0
59.2102,10.9401,18.0,0.0,4.0,0.0,1.0,0.0,1.0,0.0,0.0,0.04563106796116505,0.0
50.9134,15.7656,345.0,79480.0,2.0,0.0,0.0,1.0,1.0,0.0,0.0,0.04660194174757282,0.0018484288354898336
53.0286,18.6661,64.0,202074.0,2.0,0.0,0.0,1.0,1.0,0.0,0.0,0.04660194174757282,0.0018484288354898336
53.1218,17.9879,47.0,350178.0,1.0,0.0,0.0,1.0,0.0,0.0,1.0,0.04660194174757282,0.0036968576709796672
51.2594,22.5691,191.0,339682.0,2.0,0.0,0.0,1.0,1.0,0.0,0.0,0.04660194174757282,0.0018484288354898336
52.2851,20.933,99.0,1777972.0,2.0,0.0,0.0,1.0,1.0,0.0,0.0,0.04660194174757282,0.0073937153419593345
53.1341,17.9957,49.0,350178.0,1.0,0.0,0.0,1.0,1.0,0.0,0.0,0.04660194174757282,0.0036968576709796672
51.9398,15.5189,150.0,140297.0,2.0,0.0,0.0,1.0,1.0,0.0,0.0,0.04660194174757282,0.0018484288354898336
51.8567,19.4212,189.0,56529.0,1.0,0.0,0.0,1.0,1.0,0.0,0.0,0.04660194174757282,0.0018484288354898336
51.1294,17.0293,114.0,640648.0,2.0,0.0,0.0,1.0,1.0,0.0,0.0,0.04660194174757282,0.0036968576709796672
51.758,19.5298,235.0,685285.0,2.0,0.0,0.0,1.0,1.0,0.0,0.0,0.04660194174757282,0.0036968576709796672
52.6585,19.0593,59.0,110802.0,2.0,0.0,0.0,1.0,0.0,0.0,1.0,0.04660194174757282,0.0018484288354898336
51.7754,19.451,206.0,685285.0,1.0,0.0,0.0,1.0,1.0,0.0,0.0,0.04660194174757282,0.0036968576709796672
54.1159,22.9385,169.0,69827.0,2.0,0.0,0.0,1.0,1.0,0.0,0.0,0.04660194174757282,0.0018484288354898336
49.7843,22.7562,201.0,61251.0,2.0,0.0,0.0,1.0,1.0,0.0,0.0,0.04660194174757282,0.0018484288354898336
50.0106,19.9492,223.0,771069.0,1.0,0.0,0.0,1.0,1.0,0.0,0.0,0.04660194174757282,0.005545286506469501
52.5509,19.7098,101.0,120000.0,2.0,0.0,0.0,1.0,1.0,0.0,0.0,0.04660194174757282,0.0018484288354898336
52.1608,21.0338,102.0,1777972.0,2.0,0.0,0.0,1.0,1.0,0.0,0.0,0.04660194174757282,0.0073937153419593345
54.3803,18.6203,40.0,466631.0,2.0,0.0,0.0,1.0,1.0,0.0,0.0,0.04660194174757282,0.0018484288354898336
52.2909,21.0425,85.0,1777972.0,2.0,0.0,0.0,1.0,1.0,0.0,0.0,0.04660194174757282,0.0073937153419593345
51.3991,21.1475,159.0,213029.0,2.0,0.0,0.0,1.0,1.0,0.0,0.0,0.04660194174757282,0.0018484288354898336
50.8725,20.605,275.0,195774.0,1.0,0.0,0.0,1.0,1.0,0.0,0.0,0.04660194174757282,0.0036968576709796672
50.2646,18.975,273.0,294510.0,1.0,0.0,0.0,1.0,1.0,0.0,0.0,0.04660194174757282,0.0018484288354898336
53.1267,23.1559,145.0,297459.0,2.0,0.0,0.0,1.0,1.0,0.0,0.0,0.04660194174757282,0.0018484288354898336
53.7892,20.4861,120.0,172362.0,2.0,0.0,0.0,1.0,1.0,0.0,0.0,0.04660194174757282,0.0018484288354898336
50.879,20.6337,269.0,195774.0,2.0,0.0,0.0,1.0,1.0,0.0,0.0,0.04660194174757282,0.0036968576709796672
52.1721,22.282,155.0,77872.0,2.0,0.0,0.0,1.0,1.0,0.0,0.0,0.04660194174757282,0.0018484288354898336
53.4322,14.5539,26.0,402465.0,2.0,0.0,0.0,1.0,0.0,0.0,1.0,0.04660194174757282,0.0036968576709796672
49.8021,19.0486,333.0,171259.0,0.0,0.0,0.0,1.0,0.0,0.0,1.0,0.04660194174757282,0.0018484288354898336
53.381,14.6633,10.0,402465.0,2.0,0.0,0.0,1.0,1.0,0.0,0.0,0.04660194174757282,0.0036968576709796672
52.0806,21.1112,96.0,0.0,2.0,0.0,1.0,0.0,1.0,0.0,0.0,0.04660194174757282,0.0
49.5465,21.851,367.0,0.0,2.0,0.0,1.0,0.0,1.0,0.0,0.0,0.04660194174757282,0.0
53.8595,23.0008,126.0,0.0,2.0,0.0,0.0,1.0,1.0,0.0,0.0,0.04660194174757282,0.0
52.0538,20.4299,119.0,0.0,1.0,0.0,0.0,1.0,1.0,0.0,0.0,0.04660194174757282,0.0
50.2991,21.4409,167.0,0.0,1.0,0.0,0.0,1.0,1.0,0.0,0.0,0.04660194174757282,0.0
50.7109,19.4588,291.0,0.0,2.0,1.0,0.0,0.0,1.0,0.0,0.0,0.04660194174757282,0.0
52.1157,21.2373,95.0,0.0,1.0,0.0,1.0,0.0,1.0,0.0,0.0,0.04660194174757282,0.0
50.429,21.2774,188.0,0.0,2.0,0.0,0.0,1.0,1.0,0.0,0.0,0.04660194174757282,0.0
54.1207,17.9759,163.0,0.0,2.0,0.0,0.0,1.0,1.0,0.0,0.0,0.04660194174757282,0.0
52.1917,20.8375,99.0,0.0,1.0,0.0,1.0,0.0,1.0,0.0,0.0,0.04660194174757282,0.0
51.7997,16.3175,90.0,0.0,2.0,0.0,0.0,1.0,1.0,0.0,0.0,0.04660194174757282,0.0
51.6427,15.1278,160.0,0.0,2.0,0.0,0.0,1.0,1.0,0.0,0.0,0.04660194174757282,0.0
51.0862,17.0127,125.0,640648.0,2.0,0.0,0.0,1.0,0.0,0.0,1.0,0.04660194174757282,0.0036968576709796672
50.0183,20.9926,216.0,109062.0,1.0,0.0,0.0,1.0,0.0,0.0,1.0,0.04660194174757282,0.0018484288354898336
50.3496,18.2366,181.0,0.0,1.0,0.0,0.0,1.0,1.0,0.0,0.0,0.04660194174757282,0.0
52.4076,20.9559,91.0,0.0,2.0,0.0,1.0,0.0,1.0,0.0,0.0,0.04660194174757282,0.0
52.2193,21.0047,103.0,1777972.0,2.0,0.0,0.0,1.0,0.0,0.0,1.0,0.04660194174757282,0.0073937153419593345
50.0693,20.0535,195.0,771069.0,1.0,0.0,0.0,1.0,0.0,1.0,0.0,0.04660194174757282,0.005545286506469501
50.0577,19.9262,207.0,771069.0,0.0,0.0,0.0,1.0,0.0,0.0,1.0,0.04660194174757282,0.005545286506469501
41.1475,-8.6589,17.0,955864.0,4.0,0.0,0.0,1.0,1.0,0.0,0.0,0.015533980582524271,0.0018484288354898336
38.7689,-9.1081,32.0,1872036.0,3.0,0.0,0.0,1.0,1.0,0.0,0.0,0.015533980582524271,0.005545286506469501
39.2783,-9.2456,143.0,0.0,4.0,1.0,0.0,0.0,1.0,0.0,0.0,0.015533980582524271,0.0
37.9542,-8.8381,129.0,0.0,4.0,0.0,1.0,0.0,0.0,1.0,0.0,0.015533980582524271,0.0
38.02,-8.6975,261.0,0.0,4.0,0.0,0.0,1.0,0.0,1.0,0.0,0.015533980582524271,0.0
38.615,-7.3975,187.0,0.0,4.0,1.0,0.0,0.0,1.0,0.0,0.0,0.015533980582524271,0.0
38.6636,-9.1578,63.0,1872036.0,3.0,0.0,0.0,1.0,1.0,0.0,0.0,0.015533980582524271,0.005545286506469501
38.7486,-9.1489,86.0,1872036.0,3.0,0.0,0.0,1.0,0.0,0.0,1.0,0.015533980582524271,0.005545286506469501
38.785,-9.3472,173.0,391402.0,4.0,0.0,0.0,1.0,1.0,0.0,0.0,0.015533980582524271,0.0018484288354898336
37.015,-7.9267,4.0,61015.0,4.0,0.0,0.0,1.0,1.0,0.0,0.0,0.015533980582524271,0.0018484288354898336
39.3525,-8.4661,143.0,0.0,4.0,1.0,0.0,0.0,1.0,0.0,0.0,0.015533980582524271,0.0
37.3125,-7.6786,300.0,0.0,4.0,1.0,0.0,0.0,1.0,0.0,0.0,0.015533980582524271,0.0
38.6356,-8.6906,57.0,0.0,4.0,1.0,0.0,0.0,1.0,0.0,0.0,0.015533980582524271,0.0
40.2331,-7.3019,461.0,0.0,5.0,1.0,0.0,0.0,1.0,0.0,0.0,0.015533980582524271,0.0
40.7586,-8.5672,14.0,0.0,4.0,0.0,1.0,0.0,1.0,0.0,0.0,0.015533980582524271,0.0
37.8711,-8.7239,235.0,0.0,5.0,1.0,0.0,0.0,0.0,1.0,0.0,0.015533980582524271,0.0
48.6312,20.2404,289.0,0.0,2.0,0.0,0.0,1.0,1.0,0.0,0.0,0.031067961165048542,0.0
49.079,19.3025,475.0,0.0,2.0,0.0,0.0,1.0,1.0,0.0,0.0,0.031067961165048542,0.0
48.9309,21.9137,160.0,0.0,2.0,0.0,0.0,1.0,1.0,0.0,0.0,0.031067961165048542,0.0
48.7827,18.6281,276.0,0.0,2.0,0.0,0.0,1.0,1.0,0.0,0.0,0.031067961165048542,0.0
48.5996,18.8425,296.0,0.0,2.0,0.0,0.0,1.0,1.0,0.0,0.0,0.031067961165048542,0.0
48.9349,22.2737,431.0,0.0,4.0,1.0,0.0,0.0,1.0,0.0,0.0,0.031067961165048542,0.0
48.667,18.5141,261.0,0.0,2.0,0.0,1.0,0.0,1.0,0.0,0.0,0.031067961165048542,0.0
48.8864,21.6876,133.0,0.0,2.0,0.0,0.0,1.0,1.0,0.0,0.0,0.031067961165048542,0.0
48.5921,21.1752,209.0,0.0,2.0,0.0,1.0,0.0,0.0,1.0,0.0,0.031067961165048542,0.0
48.7331,18.7564,448.0,0.0,2.0,0.0,0.0,1.0,1.0,0.0,0.0,0.031067961165048542,0.0
48.4369,17.019,197.0,0.0,2.0,0.0,0.0,1.0,0.0,0.0,1.0,0.031067961165048542,0.0
49.1514,20.2895,808.0,0.0,3.0,1.0,0.0,0.0,1.0,0.0,0.0,0.031067961165048542,0.0
48.9156,20.8741,372.0,0.0,2.0,0.0,0.0,1.0,0.0,0.0,1.0,0.031067961165048542,0.0
48.6806,17.3632,212.0,0.0,2.0,0.0,0.0,1.0,0.0,0.0,1.0,0.031067961165048542,0.0
48.5582,19.1569,321.0,0.0,2.0,0.0,0.0,1.0,1.0,0.0,0.0,0.031067961165048542,0.0
48.874,21.8376,133.0,0.0,2.0,0.0,0.0,1.0,1.0,0.0,0.0,0.031067961165048542,0.0
48.5839,19.9516,320.0,0.0,2.0,0.0,0.0,1.0,1.0,0.0,0.0,0.031067961165048542,0.0
49.0597,18.9214,383.0,0.0,2.0,0.0,0.0,1.0,0.0,0.0,1.0,0.031067961165048542,0.0
47.9594,17.8601,113.0,0.0,2.0,1.0,0.0,0.0,1.0,0.0,0.0,0.031067961165048542,0.0
48.7333,19.1153,425.0,78084.0,3.0,0.0,0.0,1.0,1.0,0.0,0.0,0.031067961165048542,0.0036968576709796672
49.2114,18.7712,356.0,80727.0,2.0,0.0,0.0,1.0,1.0,0.0,0.0,0.031067961165048542,0.0018484288354898336
48.3712,17.5849,152.0,65033.0,2.0,0.0,0.0,1.0,0.0,0.0,1.0,0.031067961165048542,0.0018484288354898336
48.7263,21.2588,209.0,238593.0,2.0,0.0,0.0,1.0,0.0,0.0,1.0,0.031067961165048542,0.0036968576709796672
48.1247,17.1255,138.0,437726.0,2.0,0.0,0.0,1.0,1.0,0.0,0.0,0.031067961165048542,0.005545286506469501
48.1447,17.1136,139.0,437726.0,2.0,0.0,0.0,1.0,1.0,0.0,0.0,0.031067961165048542,0.005545286506469501
48.6902,21.2854,201.0,238593.0,3.0,0.0,0.0,1.0,1.0,0.0,0.0,0.031067961165048542,0.0036968576709796672
48.8965,18.0413,214.0,55383.0,2.0,0.0,0.0,1.0,0.0,0.0,1.0,0.031067961165048542,0.0018484288354898336
48.9925,21.2668,252.0,88464.0,2.0,0.0,0.0,1.0,0.0,0.0,1.0,0.031067961165048542,0.0018484288354898336
48.7352,19.1549,346.0,78084.0,2.0,0.0,0.0,1.0,0.0,0.0,1.0,0.031067961165048542,0.0036968576709796672
48.3095,18.0768,143.0,76533.0,2.0,0.0,0.0,1.0,0.0,0.0,1.0,0.031067961165048542,0.0036968576709796672
48.2831,18.1406,149.0,76533.0,2.0,0.0,1.0,0.0,1.0,0.0,0.0,0.031067961165048542,0.0036968576709796672
48.168,17.1062,287.0,437726.0,2.0,0.0,1.0,0.0,1.0,0.0,0.0,0.031067961165048542,0.005545286506469501
42.4259,-8.644,15.0,83260.0,3.0,0.0,0.0,1.0,0.0,0.0,1.0,0.08932038834951456,0.0018484288354898336
43.3027,-2.9772,4.0,797590.0,4.0,0.0,0.0,1.0,0.0,0.0,1.0,0.08932038834951456,0.0036968576709796672
43.2549,-2.9023,76.0,797590.0,4.0,0.0,0.0,1.0,1.0,0.0,0.0,0.08932038834951456,0.0036968576709796672
40.6339,-4.0143,873.0,64378.0,4.0,0.0,0.0,1.0,0.0,0.0,1.0,0.08932038834951456,0.0018484288354898336
43.4815,-8.2431,5.0,65560.0,4.0,0.0,0.0,1.0,0.0,0.0,1.0,0.08932038834951456,0.0018484288354898336
40.1852,-3.6803,610.0,77270.0,3.0,0.0,1.0,0.0,1.0,0.0,0.0,0.08932038834951456,0.0018484288354898336
43.322,-1.9607,23.0,188240.0,4.0,0.0,0.0,1.0,0.0,0.0,1.0,0.08932038834951456,0.0018484288354898336
40.3419,-3.8337,693.0,5098717.0,4.0,0.0,0.0,1.0,1.0,0.0,0.0,0.08932038834951456,0.014787430683918669
42.8436,-2.6614,50.0,253996.0,4.0,0.0,0.0,1.0,0.0,0.0,1.0,0.08932038834951456,0.0036968576709796672
42.8561,-2.6678,518.0,253996.0,4.0,0.0,0.0,1.0,0.0,0.0,1.0,0.08932038834951456,0.0036968576709796672
43.3671,-8.4206,35.0,247604.0,3.0,0.0,0.0,1.0,0.0,0.0,1.0,0.08932038834951456,0.005545286506469501
43.3828,-8.4092,25.0,247604.0,3.0,0.0,1.0,0.0,1.0,0.0,0.0,0.08932038834951456,0.005545286506469501
42.219,-8.7421,53.0,296692.0,3.0,0.0,0.0,1.0,0.0,0.0,1.0,0.08932038834951456,0.0036968576709796672
42.2103,-8.7369,12.0,296692.0,3.0,0.0,0.0,1.0,0.0,1.0,0.0,0.08932038834951456,0.0036968576709796672
42.9979,-7.5509,450.0,98519.0,3.0,0.0,0.0,1.0,0.0,0.0,1.0,0.08932038834951456,0.0018484288354898336
39.7822,-0.3592,200.0,0.0,4.0,1.0,0.0,0.0,1.0,0.0,0.0,0.08932038834951456,0.0
39.7081,-0.8319,430.0,0.0,4.0,1.0,0.0,0.0,1.0,0.0,0.0,0.08932038834951456,0.0
43.4539,-7.8478,362.0,0.0,4.0,0.0,1.0,0.0,0.0,1.0,0.0,0.08932038834951456,0.0
40.909,-3.4679,995.0,0.0,4.0,1.0,0.0,0.0,1.0,0.0,0.0,0.08932038834951456,0.0
39.5647,-0.6256,510.0,0.0,4.0,0.0,1.0,0.0,1.0,0.0,0.0,0.08932038834951456,0.0
43.3023,-8.506,100.0,0.0,3.0,0.0,1.0,0.0,0.0,1.0,0.0,0.08932038834951456,0.0
39.5586,-1.2814,804.0,0.0,4.0,1.0,0.0,0.0,1.0,0.0,0.0,0.08932038834951456,0.0
39.9306,-0.6033,616.0,0.0,4.0,0.0,1.0,0.0,1.0,0.0,0.0,0.08932038834951456,0.0
40.0519,-0.1897,160.0,0.0,4.0,0.0,0.0,1.0,0.0,1.0,0.0,0.08932038834951456,0.0
39.9453,-0.0564,27.0,0.0,4.0,0.0,0.0,1.0,0.0,1.0,0.0,0.08932038834951456,0.0
39.8922,-0.065,37.0,0.0,4.0,1.0,0.0,0.0,0.0,1.0,0.0,0.08932038834951456,0.0
40.0622,0.0728,50.0,0.0,4.0,0.0,1.0,0.0,0.0,1.0,0.0,0.08932038834951456,0.0
40.5997,-3.5033,721.0,0.0,3.0,0.0,1.0,0.0,1.0,0.0,0.0,0.08932038834951456,0.0
43.4054,-7.9886,478.0,0.0,4.0,1.0,0.0,0.0,0.0,1.0,0.0,0.08932038834951456,0.0
40.735,-0.1694,619.0,0.0,4.0,1.0,0.0,0.0,1.0,0.0,0.0,0.08932038834951456,0.0
38.7881,-0.6972,510.0,0.0,4.0,0.0,1.0,0.0,1.0,0.0,0.0,0.08932038834951456,0.0
42.3361,-3.6361,929.0,0.0,4.0,0.0,0.0,1.0,1.0,0.0,0.0,0.08932038834951456,0.0
38.6807,-4.1083,675.0,0.0,2.0,0.0,1.0,0.0,0.0,1.0,0.0,0.08932038834951456,0.0
39.6788,2.6878,172.0,0.0,4.0,1.0,0.0,0.0,1.0,0.0,0.0,0.08932038834951456,0.0
39.4561,-0.3758,11.0,1417464.0,2.0,0.0,0.0,1.0,0.0,0.0,1.0,0.08932038834951456,0.009242144177449169
38.9793,-1.8521,686.0,174336.0,3.0,0.0,1.0,0.0,1.0,0.0,0.0,0.08932038834951456,0.0018484288354898336
40.0128,-0.0572,106.0,174264.0,4.0,0.0,1.0,0.0,0.0,1.0,0.0,0.08932038834951456,0.0018484288354898336
39.8681,-4.0208,500.0,85811.0,3.0,0.0,1.0,0.0,1.0,0.0,0.0,0.08932038834951456,0.0018484288354898336
41.6561,-4.7339,691.0,299265.0,4.0,0.0,0.0,1.0,0.0,1.0,0.0,0.08932038834951456,0.0073937153419593345
39.4575,-0.3428,7.0,1417464.0,3.0,0.0,0.0,1.0,0.0,0.0,1.0,0.08932038834951456,0.009242144177449169
39.4803,-0.3364,7.0,1417464.0,3.0,0.0,1.0,0.0,1.0,0.0,0.0,0.08932038834951456,0.009242144177449169
39.4811,-0.4083,11.0,1417464.0,2.0,0.0,1.0,0.0,0.0,0.0,1.0,0.08932038834951456,0.009242144177449169
42.353,-7.8779,132.0,105643.0,4.0,0.0,0.0,1.0,0.0,0.0,1.0,0.08932038834951456,0.0018484288354898336
41.63,-4.7406,683.0,299265.0,3.0,0.0,0.0,1.0,0.0,0.0,1.0,0.08932038834951456,0.0073937153419593345
38.3511,-0.5139,20.0,337482.0,5.0,0.0,1.0,0.0,0.0,1.0,0.0,0.08932038834951456,0.0018484288354898336
43.3542,-8.4249,65.0,247604.0,3.0,0.0,0.0,1.0,0.0,1.0,0.0,0.08932038834951456,0.005545286506469501
39.4811,-0.4472,41.0,1417464.0,3.0,0.0,0.0,1.0,0.0,0.0,1.0,0.08932038834951456,0.009242144177449169
42.876,-8.5591,220.0,97848.0,4.0,0.0,1.0,0.0,1.0,0.0,0.0,0.08932038834951456,0.0036968576709796672
42.8878,-8.5311,260.0,97848.0,3.0,0.0,0.0,1.0,0.0,0.0,1.0,0.08932038834951456,0.0036968576709796672
38.4547,-0.8033,355.0,87054.0,3.0,0.0,1.0,0.0,1.0,0.0,0.0,0.08932038834951456,0.0018484288354898336
39.6342,-0.2658,3.0,67173.0,4.0,0.0,1.0,0.0,0.0,1.0,0.0,0.08932038834951456,0.0018484288354898336
40.4495,-3.4776,581.0,132853.0,3.0,0.0,1.0,0.0,1.0,0.0,0.0,0.08932038834951456,0.0018484288354898336
43.0481,-2.1914,153.0,0.0,4.0,0.0,1.0,0.0,0.0,0.0,1.0,0.08932038834951456,0.0
42.34,-2.059,380.0,0.0,3.0,1.0,0.0,0.0,0.0,1.0,0.0,0.08932038834951456,0.0
42.44,-2.239,336.0,0.0,4.0,1.0,0.0,0.0,0.0,1.0,0.0,0.08932038834951456,0.0
39.7053,-0.3367,320.0,0.0,5.0,0.0,1.0,0.0,0.0,1.0,0.0,0.08932038834951456,0.0
43.6694,-7.3789,173.0,0.0,3.0,1.0,0.0,0.0,1.0,0.0,0.0,0.08932038834951456,0.0
40.1672,-3.2766,761.0,0.0,4.0,0.0,1.0,0.0,0.0,0.0,1.0,0.08932038834951456,0.0
38.9347,-0.4414,195.0,0.0,4.0,0.0,1.0,0.0,1.0,0.0,0.0,0.08932038834951456,0.0
43.5197,-8.1502,20.0,0.0,3.0,0.0,1.0,0.0,0.0,1.0,0.0,0.08932038834951456,0.0
42.0616,-7.4089,760.0,0.0,4.0,1.0,0.0,0.0,1.0,0.0,0.0,0.08932038834951456,0.0
39.4272,-0.7839,400.0,0.0,3.0,0.0,1.0,0.0,0.0,1.0,0.0,0.08932038834951456,0.0
42.0607,-7.7299,620.0,0.0,4.0,0.0,1.0,0.0,0.0,0.0,1.0,0.08932038834951456,0.0
42.7153,-7.4494,600.0,0.0,3.0,1.0,0.0,0.0,0.0,1.0,0.0,0.08932038834951456,0.0
42.341,-2.232,570.0,0.0,4.0,1.0,0.0,0.0,0.0,1.0,0.0,0.08932038834951456,0.0
40.2479,-4.2752,469.0,0.0,3.0,1.0,0.0,0.0,1.0,0.0,0.0,0.08932038834951456,0.0
43.2129,-3.1344,62.0,0.0,4.0,0.0,0.0,1.0,1.0,0.0,0.0,0.08932038834951456,0.0
43.1683,-2.6379,113.0,0.0,4.0,0.0,0.0,1.0,0.0,1.0,0.0,0.08932038834951456,0.0
42.176,-1.744,350.0,0.0,4.0,1.0,0.0,0.0,0.0,1.0,0.0,0.08932038834951456,0.0
43.2446,-8.3187,160.0,0.0,3.0,1.0,0.0,0.0,0.0,1.0,0.0,0.08932038834951456,0.0
42.8752,-3.2317,911.0,0.0,4.0,1.0,0.0,0.0,1.0,0.0,0.0,0.08932038834951456,0.0
41.6456,-4.7303,700.0,299265.0,3.0,0.0,0.0,1.0,0.0,0.0,1.0,0.08932038834951456,0.0073937153419593345
43.5512,-5.9197,6.0,77791.0,3.0,0.0,0.0,1.0,0.0,0.0,1.0,0.08932038834951456,0.0018484288354898336
41.6206,-4.7467,690.0,299265.0,4.0,0.0,0.0,1.0,0.0,0.0,1.0,0.08932038834951456,0.0073937153419593345
43.4015,-5.8028,170.0,0.0,3.0,0.0,1.0,0.0,0.0,1.0,0.0,0.08932038834951456,0.0
43.3067,-5.6897,206.0,0.0,3.0,0.0,0.0,1.0,0.0,1.0,0.0,0.08932038834951456,0.0
43.5299,-5.6735,29.0,271717.0,4.0,0.0,0.0,1.0,0.0,0.0,1.0,0.08932038834951456,0.005545286506469501
43.3665,-5.833,180.0,219910.0,3.0,0.0,0.0,1.0,0.0,0.0,1.0,0.08932038834951456,0.0036968576709796672
43.3727,-5.8728,276.0,219910.0,4.0,0.0,0.0,1.0,1.0,0.0,0.0,0.08932038834951456,0.0036968576709796672
43.5166,-5.6707,51.0,271717.0,3.0,0.0,0.0,1.0,1.0,0.0,0.0,0.08932038834951456,0.005545286506469501
40.4217,-3.6822,672.0,5098717.0,3.0,0.0,0.0,1.0,0.0,0.0,1.0,0.08932038834951456,0.014787430683918669
40.3981,-3.6867,609.0,5098717.0,3.0,0.0,0.0,1.0,1.0,0.0,0.0,0.08932038834951456,0.014787430683918669
40.4658,-3.6883,729.0,5098717.0,4.0,0.0,0.0,1.0,0.0,0.0,1.0,0.08932038834951456,0.014787430683918669
40.4397,-3.6903,676.0,5098717.0,4.0,0.0,0.0,1.0,0.0,0.0,1.0,0.08932038834951456,0.014787430683918669
40.4453,-3.7064,699.0,5098717.0,3.0,0.0,0.0,1.0,0.0,0.0,1.0,0.08932038834951456,0.014787430683918669
40.3847,-3.7186,605.0,5098717.0,3.0,0.0,0.0,1.0,0.0,0.0,1.0,0.08932038834951456,0.014787430683918669
40.42,-3.7492,645.0,5098717.0,4.0,0.0,1.0,0.0,1.0,0.0,0.0,0.08932038834951456,0.014787430683918669
42.7036,-4.8272,1050.0,0.0,5.0,1.0,0.0,0.0,0.0,1.0,0.0,0.08932038834951456,0.0
43.5229,-5.6895,40.0,271717.0,3.0,0.0,1.0,0.0,1.0,0.0,0.0,0.08932038834951456,0.005545286506469501
42.7814,-6.6039,700.0,0.0,4.0,1.0,0.0,0.0,0.0,1.0,0.0,0.08932038834951456,0.0
43.2941,-5.6796,216.0,0.0,3.0,0.0,0.0,1.0,1.0,0.0,0.0,0.08932038834951456,0.0
43.5705,-5.9583,8.0,0.0,4.0,0.0,1.0,0.0,1.0,0.0,0.0,0.08932038834951456,0.0
57.6979,11.9605,9.0,564039.0,4.0,0.0,0.0,1.0,0.0,0.0,1.0,0.02233009708737864,0.0036968576709796672
59.489,17.9199,39.0,1745766.0,4.0,0.0,0.0,1.0,0.0,0.0,1.0,0.02233009708737864,0.0166358595194085
59.3408,18.0583,8.0,1745766.0,4.0,0.0,0.0,1.0,0.0,0.0,1.0,0.02233009708737864,0.0166358595194085
59.316,18.0578,58.0,1745766.0,5.0,0.0,0.0,1.0,1.0,0.0,0.0,0.02233009708737864,0.0166358595194085
59.4102,17.9577,39.0,1745766.0,4.0,0.0,0.0,1.0,1.0,0.0,0.0,0.02233009708737864,0.0166358595194085
59.4422,17.9233,34.0,1745766.0,4.0,0.0,0.0,1.0,0.0,0.0,1.0,0.02233009708737864,0.0166358595194085
59.3255,18.0044,16.0,1745766.0,4.0,0.0,0.0,1.0,0.0,0.0,1.0,0.02233009708737864,0.0166358595194085
63.8289,20.2585,15.0,125080.0,5.0,0.0,0.0,1.0,0.0,0.0,1.0,0.02233009708737864,0.0018484288354898336
59.8601,17.6357,22.0,219914.0,5.0,0.0,0.0,1.0,1.0,0.0,0.0,0.02233009708737864,0.005545286506469501
59.3172,18.0488,24.0,1745766.0,4.0,0.0,0.0,1.0,0.0,0.0,1.0,0.02233009708737864,0.0166358595194085
57.709,11.9702,31.3,564039.0,4.0,0.0,0.0,1.0,1.0,0.0,0.0,0.02233009708737864,0.0036968576709796672
59.3405,18.037,17.0,1745766.0,4.0,0.0,0.0,1.0,0.0,0.0,1.0,0.02233009708737864,0.0166358595194085
55.5847,13.0062,11.0,333633.0,3.0,0.0,0.0,1.0,0.0,0.0,1.0,0.02233009708737864,0.0036968576709796672
59.8571,17.6463,15.0,219914.0,4.0,0.0,0.0,1.0,0.0,0.0,1.0,0.02233009708737864,0.005545286506469501
59.8605,17.6376,23.0,219914.0,4.0,0.0,0.0,1.0,1.0,0.0,0.0,0.02233009708737864,0.005545286506469501
55.6064,13.002,25.0,333633.0,4.0,0.0,0.0,1.0,1.0,0.0,0.0,0.02233009708737864,0.0036968576709796672
59.4459,17.955,14.0,1745766.0,4.0,0.0,0.0,1.0,0.0,0.0,1.0,0.02233009708737864,0.0166358595194085
56.8786,14.7861,165.0,0.0,4.0,0.0,0.0,1.0,0.0,0.0,1.0,0.02233009708737864,0.0
62.3886,17.3089,7.0,0.0,4.0,0.0,0.0,1.0,0.0,0.0,1.0,0.02233009708737864,0.0
59.8324,18.6313,24.0,0.0,5.0,1.0,0.0,0.0,1.0,0.0,0.0,0.02233009708737864,0.0
56.0424,13.1486,187.0,0.0,4.0,1.0,0.0,0.0,1.0,0.0,0.0,0.02233009708737864,0.0
67.136,20.6657,355.0,0.0,5.0,0.0,0.0,1.0,0.0,0.0,1.0,0.02233009708737864,0.0
59.3684,16.5106,35.0,0.0,5.0,0.0,0.0,1.0,1.0,0.0,0.0,0.02233009708737864,0.0
39.6339,27.8958,142.0,0.0,0.0,0.0,0.0,1.0,1.0,0.0,0.0,0.06796116504854369,0.0
40.1369,26.4058,9.0,0.0,2.0,0.0,0.0,1.0,1.0,0.0,0.0,0.06796116504854369,0.0
39.9183,32.8229,915.0,0.0,2.0,0.0,0.0,1.0,1.0,0.0,0.0,0.06796116504854369,0.0
40.2234,28.8715,87.0,0.0,1.0,1.0,0.0,0.0,1.0,0.0,0.0,0.06796116504854369,0.0
41.0732,28.2555,35.0,0.0,2.0,0.0,0.0,1.0,1.0,0.0,0.0,0.06796116504854369,0.0
40.1411,29.9778,534.0,0.0,2.0,0.0,0.0,1.0,1.0,0.0,0.0,0.06796116504854369,0.0
40.5997,33.6169,731.0,0.0,2.0,0.0,0.0,1.0,1.0,0.0,0.0,0.06796116504854369,0.0
40.4031,26.7706,12.0,0.0,2.0,1.0,0.0,0.0,1.0,0.0,0.0,0.06796116504854369,0.0
40.7262,31.6049,715.0,0.0,2.0,0.0,0.0,1.0,1.0,0.0,0.0,0.06796116504854369,0.0
40.6572,35.838,405.0,0.0,1.0,0.0,0.0,1.0,0.0,0.0,1.0,0.06796116504854369,0.0
41.3184,27.9802,199.0,0.0,2.0,0.0,0.0,1.0,1.0,0.0,0.0,0.06796116504854369,0.0
39.7868,44.621,834.0,0.0,2.0,1.0,0.0,0.0,1.0,0.0,0.0,0.06796116504854369,0.0
40.7658,29.9513,8.0,0.0,1.0,0.0,0.0,1.0,1.0,0.0,0.0,0.06796116504854369,0.0
41.1807,27.8154,137.0,0.0,2.0,0.0,1.0,0.0,0.0,1.0,0.0,0.06796116504854369,0.0
40.9945,39.6679,42.0,0.0,2.0,0.0,0.0,1.0,0.0,0.0,1.0,0.06796116504854369,0.0
39.1484,34.1593,989.0,0.0,3.0,0.0,0.0,1.0,1.0,0.0,0.0,0.06796116504854369,0.0
41.0877,28.9828,11.0,0.0,1.0,0.0,0.0,1.0,1.0,0.0,0.0,0.06796116504854369,0.0
39.7487,37.0256,1278.0,0.0,2.0,0.0,0.0,1.0,1.0,0.0,0.0,0.06796116504854369,0.0
41.3254,36.2966,14.0,0.0,3.0,0.0,0.0,1.0,1.0,0.0,0.0,0.06796116504854369,0.0
41.0136,29.1622,162.0,0.0,2.0,0.0,0.0,1.0,1.0,0.0,0.0,0.06796116504854369,0.0
41.4522,31.7872,7.0,0.0,2.0,0.0,0.0,1.0,0.0,0.0,1.0,0.06796116504854369,0.0
39.428,29.9697,935.0,0.0,2.0,0.0,0.0,1.0,1.0,0.0,0.0,0.06796116504854369,0.0
40.8456,31.1481,144.0,0.0,1.0,0.0,0.0,1.0,1.0,0.0,0.0,0.06796116504854369,0.0
40.746,29.7888,4.0,0.0,1.0,0.0,0.0,1.0,0.0,1.0,0.0,0.06796116504854369,0.0
41.7245,27.2145,208.0,0.0,2.0,0.0,0.0,1.0,1.0,0.0,0.0,0.06796116504854369,0.0
39.9083,41.2732,1905.0,0.0,0.0,0.0,0.0,1.0,0.0,0.0,1.0,0.06796116504854369,0.0
40.8512,26.6353,133.0,0.0,0.0,0.0,0.0,1.0,1.0,0.0,0.0,0.06796116504854369,0.0
39.9677,32.7957,883.0,0.0,1.0,0.0,0.0,1.0,1.0,0.0,0.0,0.06796116504854369,0.0
39.8189,34.8057,1288.0,0.0,3.0,0.0,0.0,1.0,1.0,0.0,0.0,0.06796116504854369,0.0
41.1307,30.0066,33.0,0.0,3.0,1.0,0.0,0.0,1.0,0.0,0.0,0.06796116504854369,0.0
40.7668,30.3939,31.0,0.0,0.0,0.0,0.0,1.0,1.0,0.0,0.0,0.06796116504854369,0.0
40.9919,29.0336,12.0,0.0,1.0,0.0,0.0,1.0,1.0,0.0,0.0,0.06796116504854369,0.0
40.8458,29.4251,258.0,0.0,2.0,0.0,1.0,0.0,0.0,1.0,0.0,0.06796116504854369,0.0
39.9273,32.8594,860.0,0.0,1.0,0.0,0.0,1.0,0.0,0.0,1.0,0.06796116504854369,0.0
40.7907,30.3969,32.0,0.0,1.0,0.0,0.0,1.0,0.0,0.0,1.0,0.06796116504854369,0.0
41.0147,28.9547,41.0,0.0,1.0,0.0,0.0,1.0,0.0,0.0,1.0,0.06796116504854369,0.0
40.9765,27.5127,26.0,0.0,2.0,0.0,0.0,1.0,1.0,0.0,0.0,0.06796116504854369,0.0
39.9646,32.9072,949.0,0.0,2.0,0.0,0.0,1.0,0.0,1.0,0.0,0.06796116504854369,0.0
40.9738,37.9075,12.0,0.0,2.0,0.0,0.0,1.0,1.0,0.0,0.0,0.06796116504854369,0.0
41.6592,26.585,41.0,0.0,1.0,0.0,0.0,1.0,1.0,0.0,0.0,0.06796116504854369,0.0
41.1967,32.6228,270.0,0.0,1.0,0.0,0.0,1.0,1.0,0.0,0.0,0.06796116504854369,0.0
39.7578,30.564,803.0,0.0,2.0,0.0,0.0,1.0,1.0,0.0,0.0,0.06796116504854369,0.0
40.9144,38.3986,38.0,0.0,3.0,0.0,0.0,1.0,1.0,0.0,0.0,0.06796116504854369,0.0
40.5294,28.7846,98.0,0.0,3.0,1.0,0.0,0.0,1.0,0.0,0.0,0.06796116504854369,0.0
40.7006,29.5079,22.0,0.0,2.0,0.0,1.0,0.0,1.0,0.0,0.0,0.06796116504854369,0.0
41.6305,32.3351,13.0,0.0,2.0,0.0,0.0,1.0,1.0,0.0,0.0,0.06796116504854369,0.0
40.3187,36.5521,623.0,0.0,2.0,0.0,0.0,1.0,0.0,0.0,1.0,0.06796116504854369,0.0
39.972,32.5852,794.0,0.0,3.0,0.0,0.0,1.0,1.0,0.0,0.0,0.06796116504854369,0.0
40.1957,29.0459,143.0,0.0,0.0,0.0,1.0,0.0,1.0,0.0,0.0,0.06796116504854369,0.0
39.9989,32.8562,1006.0,0.0,2.0,0.0,0.0,1.0,1.0,0.0,0.0,0.06796116504854369,0.0
41.0923,28.9748,91.0,0.0,2.0,0.0,0.0,1.0,1.0,0.0,0.0,0.06796116504854369,0.0
39.7464,39.4971,1206.0,0.0,1.0,0.0,0.0,1.0,0.0,0.0,1.0,0.06796116504854369,0.0
40.755,30.6502,29.0,0.0,0.0,0.0,1.0,0.0,0.0,1.0,0.0,0.06796116504854369,0.0
41.0383,28.8881,54.0,0.0,1.0,0.0,0.0,1.0,1.0,0.0,0.0,0.06796116504854369,0.0
41.0244,29.0997,151.0,0.0,2.0,0.0,0.0,1.0,0.0,0.0,1.0,0.06796116504854369,0.0
41.6591,26.5373,36.0,0.0,3.0,0.0,0.0,1.0,1.0,0.0,0.0,0.06796116504854369,0.0
39.7473,37.0132,1296.0,0.0,1.0,0.0,0.0,1.0,0.0,0.0,1.0,0.06796116504854369,0.0
41.2875,36.3292,40.0,0.0,3.0,0.0,0.0,1.0,0.0,0.0,1.0,0.06796116504854369,0.0
41.1274,41.0476,482.0,0.0,3.0,1.0,0.0,0.0,1.0,0.0,0.0,0.06796116504854369,0.0
39.8431,33.5182,749.0,0.0,3.0,0.0,0.0,1.0,1.0,0.0,0.0,0.06796116504854369,0.0
40.5466,34.9673,838.0,0.0,1.0,0.0,0.0,1.0,0.0,0.0,1.0,0.06796116504854369,0.0
41.4668,41.4907,136.0,0.0,2.0,1.0,0.0,0.0,1.0,0.0,0.0,0.06796116504854369,0.0
40.726,29.7946,3.0,0.0,2.0,0.0,0.0,1.0,1.0,0.0,0.0,0.06796116504854369,0.0
41.0539,29.01,99.0,0.0,2.0,0.0,0.0,1.0,1.0,0.0,0.0,0.06796116504854369,0.0
39.904,30.0529,755.0,0.0,1.0,0.0,0.0,1.0,1.0,0.0,0.0,0.06796116504854369,0.0
41.3674,33.765,813.0,0.0,2.0,0.0,0.0,1.0,1.0,0.0,0.0,0.06796116504854369,0.0
40.5314,34.9443,793.0,0.0,2.0,0.0,0.0,1.0,0.0,1.0,0.0,0.06796116504854369,0.0
40.601,43.0968,1757.0,0.0,2.0,0.0,0.0,1.0,0.0,0.0,1.0,0.06796116504854369,0.0
40.2344,29.0381,92.0,0.0,0.0,0.0,0.0,1.0,0.0,0.0,1.0,0.06796116504854369,0.0
40.6533,29.26,5.0,0.0,2.0,0.0,0.0,1.0,1.0,0.0,0.0,0.06796116504854369,0.0
52.6198,-1.1273,83.0,511124.0,3.0,0.0,0.0,1.0,1.0,0.0,0.0,0.0766990291262136,0.0018484288354898336
51.6327,-3.9474,61.0,245973.0,3.0,0.0,0.0,1.0,0.0,0.0,1.0,0.0766990291262136,0.0018484288354898336
51.5442,-0.1753,50.0,8866541.0,3.0,0.0,0.0,1.0,0.0,0.0,1.0,0.0766990291262136,0.0166358595194085
53.3463,-2.8443,26.0,1419945.0,4.0,0.0,0.0,1.0,0.0,1.0,0.0,0.0766990291262136,0.0036968576709796672
52.4116,-1.5602,98.0,363467.0,3.0,0.0,0.0,1.0,1.0,0.0,0.0,0.0766990291262136,0.0018484288354898336
51.5182,0.4395,18.0,171460.0,3.0,0.0,0.0,1.0,0.0,0.0,1.0,0.0766990291262136,0.0018484288354898336
51.5223,-0.1259,20.0,8866541.0,3.0,0.0,0.0,1.0,1.0,0.0,0.0,0.0766990291262136,0.0166358595194085
55.0028,-7.3312,54.0,150588.0,4.0,0.0,0.0,1.0,1.0,0.0,0.0,0.0766990291262136,0.0018484288354898336
53.9675,-1.0865,15.0,209028.0,3.0,0.0,0.0,1.0,1.0,0.0,0.0,0.0766990291262136,0.0036968576709796672
53.9519,-1.0759,16.0,209028.0,3.0,0.0,0.0,1.0,0.0,0.0,1.0,0.0766990291262136,0.0036968576709796672
55.8658,-4.2436,40.0,1004220.0,4.0,0.0,0.0,1.0,1.0,0.0,0.0,0.0766990291262136,0.0036968576709796672
50.7396,-1.8267,30.0,345887.0,3.0,0.0,0.0,1.0,1.0,0.0,0.0,0.0766990291262136,0.0018484288354898336
52.6142,1.302,36.0,140745.0,3.0,0.0,0.0,1.0,1.0,0.0,0.0,0.0766990291262136,0.0018484288354898336
55.9456,-3.1822,81.0,515855.0,4.0,0.0,0.0,1.0,1.0,0.0,0.0,0.0766990291262136,0.0018484288354898336
54.9782,-1.6105,45.0,855622.0,4.0,0.0,0.0,1.0,1.0,0.0,0.0,0.0766990291262136,0.0018484288354898336
50.8058,0.2716,7.0,103206.0,3.0,0.0,0.0,1.0,1.0,0.0,0.0,0.0766990291262136,0.0018484288354898336
53.8038,-1.5465,78.0,787020.0,3.0,0.0,0.0,1.0,1.0,0.0,0.0,0.0766990291262136,0.0036968576709796672
53.4815,-2.2379,57.0,2805684.0,3.0,0.0,0.0,1.0,1.0,0.0,0.0,0.0766990291262136,0.005545286506469501
51.521,-0.2135,5.0,8866541.0,4.0,0.0,0.0,1.0,1.0,0.0,0.0,0.0766990291262136,0.0166358595194085
50.9081,-1.3958,7.0,383736.0,3.0,0.0,0.0,1.0,1.0,0.0,0.0,0.0766990291262136,0.0018484288354898336
53.4848,-2.3341,30.0,2805684.0,3.0,0.0,0.0,1.0,1.0,0.0,0.0,0.0766990291262136,0.005545286506469501
53.3729,-3.0227,38.0,1419945.0,4.0,0.0,0.0,1.0,1.0,0.0,0.0,0.0766990291262136,0.0036968576709796672
51.7448,-1.2603,58.0,154455.0,4.0,0.0,0.0,1.0,1.0,0.0,0.0,0.0766990291262136,0.0018484288354898336
50.3717,-4.1424,18.0,263085.0,4.0,0.0,0.0,1.0,1.0,0.0,0.0,0.0766990291262136,0.0018484288354898336
51.5225,-0.1546,35.0,8866541.0,2.0,0.0,0.0,1.0,0.0,0.0,1.0,0.0766990291262136,0.0166358595194085
56.0103,-3.7044,4.0,160235.0,4.0,0.0,0.0,1.0,0.0,1.0,0.0,0.0766990291262136,0.0018484288354898336
54.5693,-1.2209,10.0,140592.0,4.0,0.0,0.0,1.0,0.0,1.0,0.0,0.0766990291262136,0.0018484288354898336
54.8948,-2.9453,11.0,108331.0,4.0,0.0,0.0,1.0,0.0,0.0,1.0,0.0766990291262136,0.0018484288354898336
54.5996,-5.9288,10.0,484559.0,3.0,0.0,0.0,1.0,1.0,0.0,0.0,0.0766990291262136,0.0018484288354898336
51.4888,-0.4416,35.0,8866541.0,4.0,0.0,0.0,1.0,0.0,1.0,0.0,0.0766990291262136,0.0166358595194085
50.8329,-0.3799,14.0,109829.0,3.0,0.0,0.0,1.0,0.0,0.0,1.0,0.0766990291262136,0.0018484288354898336
57.4813,-4.2415,6.0,0.0,5.0,0.0,0.0,1.0,0.0,0.0,1.0,0.0766990291262136,0.0
51.6381,-2.6787,67.0,0.0,3.0,0.0,0.0,1.0,0.0,0.0,1.0,0.0766990291262136,0.0
51.5839,-3.7708,5.0,0.0,3.0,0.0,0.0,1.0,0.0,1.0,0.0,0.0766990291262136,0.0
51.7818,-4.6915,160.0,0.0,4.0,1.0,0.0,0.0,1.0,0.0,0.0,0.0766990291262136,0.0
54.4395,-7.9003,130.0,0.0,5.0,1.0,0.0,0.0,1.0,0.0,0.0,0.0766990291262136,0.0
52.1324,-0.3003,22.0,0.0,3.0,0.0,0.0,1.0,0.0,0.0,1.0,0.0766990291262136,0.0
51.4562,0.6349,14.0,277736.0,3.0,1.0,0.0,0.0,1.0,0.0,0.0,0.0766990291262136,0.0036968576709796672
51.4526,0.0708,60.0,8866541.0,3.0,0.0,1.0,0.0,1.0,0.0,0.0,0.0766990291262136,0.0166358595194085
51.466,0.1848,13.0,8866541.0,3.0,0.0,1.0,0.0,1.0,0.0,0.0,0.0766990291262136,0.0166358595194085
52.2723,-0.9166,88.0,225401.0,3.0,0.0,0.0,1.0,1.0,0.0,0.0,0.0766990291262136,0.0018484288354898336
55.9441,-4.7344,9.0,78455.0,4.0,0.0,0.0,1.0,0.0,0.0,1.0,0.0766990291262136,0.0018484288354898336
53.5491,-2.6381,45.0,2805684.0,3.0,0.0,0.0,1.0,1.0,0.0,0.0,0.0766990291262136,0.005545286506469501
50.4115,-4.2277,65.0,0.0,4.0,0.0,0.0,1.0,0.0,0.0,1.0,0.0766990291262136,0.0
52.2949,-1.5429,66.0,141383.0,3.0,0.0,0.0,1.0,0.0,0.0,1.0,0.0766990291262136,0.0036968576709796672
52.4372,-1.83,134.0,2543414.0,4.0,0.0,0.0,1.0,1.0,0.0,0.0,0.0766990291262136,0.005545286506469501
51.3743,0.548,80.0,277736.0,2.0,0.0,0.0,1.0,0.0,0.0,1.0,0.0766990291262136,0.0036968576709796672
53.0422,-3.0028,70.0,135849.0,4.0,0.0,0.0,1.0,0.0,0.0,1.0,0.0766990291262136,0.0018484288354898336
53.2317,-1.4569,96.0,104604.0,4.0,0.0,0.0,1.0,0.0,0.0,1.0,0.0766990291262136,0.0036968576709796672
53.82,-1.5764,85.0,787020.0,3.0,0.0,0.0,1.0,0.0,0.0,1.0,0.0766990291262136,0.0036968576709796672
51.6012,-2.9773,24.0,152394.0,4.0,0.0,0.0,1.0,1.0,0.0,0.0,0.0766990291262136,0.0018484288354898336
53.7488,-0.3412,4.0,260659.0,3.0,0.0,0.0,1.0,1.0,0.0,0.0,0.0766990291262136,0.0018484288354898336
53.2441,-1.455,98.0,104604.0,4.0,0.0,0.0,1.0,1.0,0.0,0.0,0.0766990291262136,0.0036968576709796672
53.3893,-2.6154,11.0,209626.0,4.0,0.0,0.0,1.0,0.0,1.0,0.0,0.0766990291262136,0.0018484288354898336
54.8836,-1.4069,110.0,277333.0,4.0,0.0,0.0,1.0,1.0,0.0,0.0,0.0766990291262136,0.0018484288354898336
54.5658,-1.3159,15.0,196850.0,4.0,0.0,0.0,1.0,0.0,0.0,1.0,0.0766990291262136,0.0036968576709796672
50.8288,-1.0686,5.0,542040.0,3.0,0.0,0.0,1.0,1.0,0.0,0.0,0.0766990291262136,0.0018484288354898336
54.5167,-1.3586,29.0,196850.0,3.0,0.0,0.0,1.0,0.0,0.0,1.0,0.0766990291262136,0.0036968576709796672
53.0282,-2.1751,172.0,384832.0,4.0,0.0,0.0,1.0,1.0,0.0,0.0,0.0766990291262136,0.0018484288354898336
57.1574,-2.0943,20.0,228180.0,4.0,0.0,0.0,1.0,1.0,0.0,0.0,0.0766990291262136,0.0018484288354898336
52.9547,-1.1465,41.0,677425.0,4.0,0.0,0.0,1.0,1.0,0.0,0.0,0.0766990291262136,0.0018484288354898336
51.4628,-2.5845,15.0,461329.0,3.0,0.0,0.0,1.0,1.0,0.0,0.0,0.0766990291262136,0.0018484288354898336
51.1496,-1.4382,78.0,0.0,4.0,1.0,0.0,0.0,1.0,0.0,0.0,0.0766990291262136,0.0
52.2888,-1.5331,55.0,141383.0,4.0,0.0,0.0,1.0,1.0,0.0,0.0,0.0766990291262136,0.0036968576709796672
53.3786,-1.4781,89.0,580148.0,3.0,0.0,0.0,1.0,1.0,0.0,0.0,0.0766990291262136,0.0036968576709796672
53.8049,-3.0072,16.0,250412.0,4.0,0.0,0.0,1.0,1.0,0.0,0.0,0.0766990291262136,0.0018484288354898336
52.4813,-1.9182,134.0,2543414.0,3.0,0.0,0.0,1.0,1.0,0.0,0.0,0.0766990291262136,0.005545286506469501
53.7656,-2.6804,40.0,252046.0,4.0,0.0,0.0,1.0,1.0,0.0,0.0,0.0766990291262136,0.0018484288354898336
50.7355,-1.7809,3.0,0.0,3.0,0.0,0.0,1.0,0.0,0.0,1.0,0.0766990291262136,0.0
51.4253,-0.3456,11.0,8866541.0,3.0,0.0,0.0,1.0,1.0,0.0,0.0,0.0766990291262136,0.0166358595194085
53.4049,-1.4558,82.0,580148.0,3.0,0.0,0.0,1.0,0.0,0.0,1.0,0.0766990291262136,0.0036968576709796672
51.5442,0.6784,37.0,272078.0,3.0,0.0,0.0,1.0,1.0,0.0,0.0,0.0766990291262136,0.0018484288354898336
55.8609,-4.2382,35.0,1004220.0,4.0,0.0,0.0,1.0,0.0,0.0,1.0,0.0766990291262136,0.0036968576709796672
51.4531,-0.9441,58.0,329619.0,4.0,0.0,0.0,1.0,1.0,0.0,0.0,0.0766990291262136,0.0018484288354898336
51.0748,-4.0419,13.0,0.0,4.0,0.0,0.0,1.0,0.0,0.0,1.0,0.0766990291262136,0.0
55.7922,-3.2429,260.0,0.0,5.0,1.0,0.0,0.0,1.0,0.0,0.0,0.0766990291262136,0.0
51.4818,-3.1763,12.0,363502.0,3.0,0.0,0.0,1.0,1.0,0.0,0.0,0.0766990291262136,0.0018484288354898336
52.4761,-1.875,109.0,2543414.0,3.0,0.0,0.0,1.0,0.0,0.0,1.0,0.0766990291262136,0.005545286506469501
51.4947,-0.1319,5.0,8866541.0,3.0,0.0,0.0,1.0,1.0,0.0,0.0,0.0766990291262136,0.0166358595194085
